[
{"id": "CT_1", "name": "Armbrüste", "attack": true, "parry": false, "ranged": true},
{"id": "CT_2", "name": "Bögen", "attack": true, "parry": false, "ranged": true},
{"id": "CT_3", "name": "Dolche", "attack": true, "parry": true, "ranged": false},
{"id": "CT_4", "name": "Fechtwaffen", "attack": true, "parry": true, "ranged": false},
{"id": "CT_5", "name": "Hiebwaffen", "attack": true, "parry": true, "ranged": false},
{"id": "CT_6", "name": "Kettenwaffen", "attack": true, "parry": false, "ranged": false},
{"id": "CT_7", "name": "Lanzen", "attack": true, "parry": false, "ranged": false},
{"id": "CT_8", "name": "Peitschen", "attack": true, "parry": false, "ranged": true},
{"id": "CT_9", "name": "Raufen", "attack": true, "parry": true, "ranged": false},
{"id": "CT_10", "name": "Schilde", "attack": true, "parry": true, "ranged": false},
{"id": "CT_11", "name": "Schleudern", "attack": true, "parry": false, "ranged": true},
{"id": "CT_12", "name": "Schwerter", "attack": true, "parry": true, "ranged": false},
{"id": "CT_13", "name": "Stangenwaffen", "attack": true, "parry": true, "ranged": false},
{"id": "CT_14", "name": "Wurfwaffen", "attack": true, "parry": false, "ranged": true},
{"id": "CT_15", "name": "Zweihandhiebwaffen", "attack": true, "parry": true, "ranged": false},
{"id": "CT_16", "name": "Zweihandschwerter", "attack": true, "parry": true, "ranged": false},
{"id": "CT_17", "name": "Feuerspeien", "attack": true, "parry": false, "ranged": true},
{"id": "CT_18", "name": "Blasrohre", "attack": true, "parry": false, "ranged": true},
{"id": "CT_19", "name": "Diskusse", "attack": true, "parry": false, "ranged": true},
{"id": "CT_20", "name": "Fächer", "attack": false, "parry": true, "ranged": false},
{"id": "CT_21", "name": "Spießwaffen", "attack": true, "parry": false, "ranged": false}
]