[{"CT_1": "Crossbows", "attack": true, "parry": false, "ranged": true},
{"CT_2": "Bows", "attack": true, "parry": false, "ranged": true},
{"CT_3": "Daggers", "attack": true, "parry": true, "ranged": false},
{"CT_4": "Fencing Weapons", "attack": true, "parry": true, "ranged": false},
{"CT_5": "Impact Weapons", "attack": true, "parry": true, "ranged": false},
{"CT_6": "Chain Weapons", "attack": true, "parry": false, "ranged": false},
{"CT_7": "Lances", "attack": true, "parry": false, "ranged": false},
{"CT_8": "Whips", "attack": true, "parry": false, "ranged": true},
{"CT_9": "Brawling", "attack": true, "parry": true, "ranged": false},
{"CT_10": "Shields", "attack": true, "parry": true, "ranged": false},
{"CT_11": "Slings", "attack": true, "parry": false, "ranged": true},
{"CT_12": "Swords", "attack": true, "parry": true, "ranged": false},
{"CT_13": "Pole arms", "attack": true, "parry": true, "ranged": false},
{"CT_14": "Thrown Weapons", "attack": true, "parry": false, "ranged": true},
{"CT_15": "Two-Handed Impact Weapons", "parry": true, "ranged": false},
{"CT_16": "Two-Handed Swords", "parry": true, "ranged": false},
{"CT_17": "Spitting Fire", "parry": false, "ranged": true},
{"CT_18": "Blowguns", "parry": false, "ranged": true},
{"CT_19": "Discuses", "parry": false, "ranged": true},
{"CT_20": "Folding fans", "attack": false, "parry": true, "ranged": false},
{"CT_21": "Spear arms", "parry": false, "ranged": false}]