{"languages":["en","de"],
"translation":[
    {"en": "", "de": ""},
    {"en": "Be", "de": "Sei"},
    {"en": "Act", "de": "Handle"},
    {"en": "Fight", "de": "Kämpfe"},
    {"en": "Explore", "de": "Erkunden"},
    {"en": "Setup", "de": "Setup"},

    {"en": "Impediment", "de": "Nachteil"},
    {"en": "Advantage", "de": "Vorteil"},
    {"en": "Modifier", "de": "Modifikator"},
    {"en": "Result", "de": "Ergebnis"},
    {"en": "Roll", "de": "Probe"},
    {"en": "Character", "de": "Held"},
    {"en": "Ability", "de": "Eigenschaft"},
    {"en": "Abilities", "de": "Eigenschaften"},
    {"en": "Skill", "de": "Fertigkeit"},
    {"en": "Skills", "de": "Fertigkeiten"},
    {"en": "Penalty", "de": "Malus"},
    {"en": "Set", "de": "Gruppe"},
    {"en": "SC", "de": "Probe"},
    {"en": "SR", "de": "FW"},
    {"en": "QL", "de": "QS"},
    {"en": "Name", "de": "Name"},
    {"en": "Type", "de": "Typ"},

    {"en": "Character Abilities", "de": "Charakterwerte"},
    {"en": "COU", "de": "MU"},{"en": "SAG", "de": "KL"},{"en": "INT", "de": "IN"},{"en": "CHA", "de": "CH"},
    {"en": "DEX", "de": "FF"},{"en": "AGI", "de": "GE"},{"en": "CON", "de": "KO"},{"en": "STR", "de": "KK"},

    {"en": "Ignore skill, just throw", "de": "Vergiss Eigenschaften - einfach würfeln"},
    {"en": "1st Ability", "de": "1. Eigenschaft"},
    {"en": "2nd Ability", "de": "2. Eigenschaft"},
    {"en": "3rd Ability", "de": "3. Eigenschaft"},
    {"en": "Now!", "de": "Los!"},
    {"en": "Where do your values come from?", "de": "Wo kommen die Werte her?"},
    {"en": "No values", "de": "Ohne Werte"},
    {"en": "Input", "de": "Eingabe"},
    {"en": "All Skills", "de": "Alle Fertigkeiten"},
    {"en": "Skill Roll", "de": "Fertigkeitsprobe"},
    {"en": "Routine Check", "de": "Routineprobe"},
    {"en": "with", "de": "mit"},
    {"en": "Value", "de": "Wert"},
    {"en": "Spell", "de": "Zauber"},
    {"en": "Spells", "de": "Zauber"},
    {"en": "Form of Prayer", "de": "Gebetsform"},
    {"en": "Chants", "de": "Gebete"},
    {"en": "Property", "de": "Merkmal"},

    {"en": "Attack", "de": "Attackieren"},
    {"en": "Parry", "de": "Parieren"},
    {"en": "Dodge", "de": "Ausweichen"},
    {"en": "AT", "de": "AT"},
    {"en": "PA", "de": "PA"},
    {"en": "Unarmed", "de": "Waffenlos"},
    {"en": "Melee", "de": "Nahkampf"},
    {"en": "Ranged", "de": "Fernkampf"},
    {"en": "Dice 4 Damage", "de": "Anzahl Würfel"},
    {"en": "Hit points", "de": "Trefferpunkte"},
    {"en": "%dd%d+%d", "de": "%dW%d+%d"},

    {"en": "Critical", "de": "Meisterlich"},
    {"en": "Success", "de": "Erfolg"},
    {"en": "Fail", "de": "Gescheitert"},
    {"en": "Fumble", "de": "Patzer"},

    {"en": "Character Weapon", "de": "Heldenwaffe"},
    {"en": "Weapons", "de": "Waffen"},
    {"en": "Select your weapon", "de": "Wähle Deine Waffe"},
    {"en": "See what happens...", "de": "Schau was passiert..."},
    {"en": "Critical confirmed", "de": "Meisterliche bestätigt"},
    {"en": "Critical lost", "de": "Meisterliche verloren"},
    {"en": "Fumble avoided", "de": "Patzer abgewendet"},
    {"en": "Still a Fumble", "de": "Es bleibt beim Patzer"},
    {"en": "Confirm!", "de": "Bestätigen!"},
    {"en": "Avert!", "de": "Abwenden!"},

    {"en": "Weapon destroyed", "de": "Waffe zerstört"},
    {"en": "Weapon heavily damaged", "de": "Waffe schwer beschädigt"},
    {"en": "Weapon damaged", "de": "Waffe beschädigt"},
    {"en": "Weapon lost", "de": "Waffe verloren"},
    {"en": "Weapon stuck", "de": "Waffe stecken geblieben"},
    {"en": "Weapon Details", "de": "Details zur Waffe"},
    {"en": "Fall", "de": "Sturz"},
    {"en": "Stumble", "de": "Stolpern"},
    {"en": "Twisted foot", "de": "Fuß verdreht"},
    {"en": "Bump on the head", "de": "Beule"},
    {"en": "Hurt yourself", "de": "Selbst verletzt"},
    {"en": "Hurt yourself bad", "de": "Selbst schwer verletzt"},
    {"en": "Not available", "de": "Nicht verfügbar"},
    {"en": "Combat Roll", "de": "Kampfprobe"},
    {"en": "Explore roll probabilities", "de": "Probenwahrscheinlichkeiten inspizieren"},

    {"en": "Probability", "de": "Wahrscheinlichkeit"},
    {"en": "Chances of", "de": "Chancen für"},

    {"en": "Choose Optolith File (json)", "de": "Wähle eine Optolith-Datei (json)"},
    {"en": "No character has been uploaded", "de": "Kein Charakter geladen"},
    {"en": "Character sheet", "de": "Heldenbogen"},
    {"en": "has been found and loaded", "de": "gefunden und geladen"},
    {"en": "Retrieve weapon details from ulisses wiki", "de": "Details zu Waffen vom Ulisses Wiki runterladen"},
    {"en": "No file selected", "de": "Keine Datei ausgewählt"},
    {"en": "Json File", "de": "Json Datei"},
    {"en": "Show improvised weapons", "de": "Improvisierte Waffen anzeigen"},
    {"en": "Fate Explorer only understands Json files.", "de": "Der Fate Explorer versteht nur was von .json Dateien."},
    {"en": "is not Json.", "de": "ist nicht Json."},
    {"en": "Choose your language", "de": "Wähle Deine Sprache"},
    {"en": "Deutsch", "de": "Deutsch"},
    {"en": "English", "de": "English"},
    {"en": "Please note: this app can talk to you in English but it may not be able to read English Optolith files.", "de": "Auch wenn die App Englisch mit Euch spricht, kann sie vermutlich noch keine Englischen Optolith-Dateien verstehen."},
    {"en": "Browse...",  "de": "Durchsuche..."},
    {"en": "No states detected",  "de": "Keine Status erkannt"},
    {"en": "No conditions detected",  "de": "Keine Zustände erkannt"},
    {"en": "States",  "de": "Status"},
    {"en": "Conditions",  "de": "Zustände"},

    {"en": "About...", "de": "Über..."},
    {"en": "The Fate Explorer helps you play the Dark Eye table top games. ", 
     "de": "Der Fate Explorer unterstützt Euch beim Spielen von 'Pen & Paper' DSA Spielen. "},
    {"en": "Using you can roll your dice easier. ", 
     "de": "Der Zwecke besteht vor allem darin, bei den Würfelproben zu unterstützen."},
    {"en": "Consecutive checks are done automatically",
     "de": "Aufeinander folgende Proben werden automatisch durchgeführt"},
    {"en": "and checked.",
     "de": "und geprüft."},
    {"en": "The app is an ongoing project and I doubt it'll ever be finished. ",
     "de": "Diese App ist ein nie endendes Projekt und wird wohl nie fertig sein. "},
    {"en": "But it serves us well.",
     "de": "Uns ist sie dennoch eine Hilfe."},
    {"en": " has been created by", "de": " wurde erstellt von"},
    {"en": "This is release",
     "de": "Dies ist Version"},
     {"en": "code named",
     "de": "mit dem Codenamen"},
     {"en": "This work would not have been possible without the support of",
     "de": "Dieses Stück Arbeit wäre niemals möglich gewesen ohne die Hilfe von "},
     {"en": "Honorable mentions", "de": "Lobende Erwähnungen"},
     {"en": "and", "de": "und"},
     {"en": "Furthermore", "de": "Außerdem"},
     {"en": "the creator of the Optolith", "de": "der Entwickler des Optolith"},
     {"en": "the creator of the", "de": "der Ersteller der"},
     {"en": "library", "de": "Bibliothek"},
     {"en": "illustrations on this page", "de": "Illustrationen auf dieser Seite"},
     {"en": "including everyone", "de": "einschließlich all denen,"},
     {"en": "who contributed to it", "de": "die dazu beigetragen haben"},
     {"en": "all the heroes from", "de": "all die Helden vom"},
     {"en": "Ulisses publishers", "de": "der Ulisses Verlag"}
]}