[{"name":"Basiliskenzunge","combattech":"Dolche","primeattr":"GE","threshold":14,"damage":"1W6","bonus":2,"at":0,"pa":-1,"range":"kurz","weight":"0,5Stn","price":50,"sf":12,"primeattrID":"ATTR_6","combattechID":"CT_3","improvised":false,"url":"index.php/basiliskenzunge.html","clsrng":true,"armed":true,"templateID":"ITEMTPL_1"},{"name":"Dolch","combattech":"Dolche","primeattr":"GE","threshold":14,"damage":"1W6","bonus":1,"at":0,"pa":0,"range":"kurz","weight":"0,5Stn","price":45,"sf":12,"primeattrID":"ATTR_6","combattechID":"CT_3","improvised":false,"url":"index.php/dolch.html","clsrng":true,"armed":true,"templateID":"ITEMTPL_2"},{"name":"Drachenzahn","combattech":"Dolche","primeattr":"GE","threshold":14,"damage":"1W6","bonus":2,"at":0,"pa":-1,"range":"kurz","weight":"0,75Stn","price":70,"sf":12,"primeattrID":"ATTR_6","combattechID":"CT_3","improvised":false,"url":"index.php/drachenzahn.html","clsrng":true,"armed":true,"templateID":"ITEMTPL_3"},{"name":"Linkhand","combattech":"Dolche","primeattr":"GE","threshold":14,"damage":"1W6","bonus":1,"at":0,"pa":0,"range":"kurz","weight":"0,75Stn","price":90,"sf":12,"primeattrID":"ATTR_6","combattechID":"CT_3","improvised":false,"url":"index.php/linkhand.html","clsrng":true,"armed":true,"templateID":"ITEMTPL_4"},{"name":"Messer","combattech":"Dolche","primeattr":"GE","threshold":14,"damage":"1W6","bonus":1,"at":0,"pa":-2,"range":"kurz","weight":"0,25Stn","price":10,"sf":12,"primeattrID":"ATTR_6","combattechID":"CT_3","improvised":false,"url":"index.php/messer.html","clsrng":true,"armed":true,"templateID":"ITEMTPL_5"},{"name":"SchwererDolch","combattech":"Dolche","primeattr":"GE","threshold":14,"damage":"1W6","bonus":2,"at":0,"pa":-1,"range":"kurz","weight":"0,75Stn","price":60,"sf":12,"primeattrID":"ATTR_6","combattechID":"CT_3","improvised":false,"url":"index.php/schwerer-dolch.html","clsrng":true,"armed":true,"templateID":"ITEMTPL_6"},{"name":"Waqqif","combattech":"Dolche","primeattr":"GE","threshold":14,"damage":"1W6","bonus":2,"at":0,"pa":-1,"range":"kurz","weight":"0,5Stn","price":60,"sf":12,"primeattrID":"ATTR_6","combattechID":"CT_3","improvised":false,"url":"index.php/waqqif.html","clsrng":true,"armed":true,"templateID":"ITEMTPL_7"},{"name":"Florett","combattech":"Fechtwaffen","primeattr":"GE","threshold":14,"damage":"1W6","bonus":2,"at":1,"pa":0,"range":"mittel","weight":"0,5Stn","price":300,"sf":12,"primeattrID":"ATTR_6","combattechID":"CT_4","improvised":false,"url":"index.php/florett.html","clsrng":true,"armed":true,"templateID":"ITEMTPL_8"},{"name":"Rapier","combattech":"Fechtwaffen","primeattr":"GE","threshold":15,"damage":"1W6","bonus":3,"at":1,"pa":0,"range":"mittel","weight":"1Stn","price":200,"sf":12,"primeattrID":"ATTR_6","combattechID":"CT_4","improvised":false,"url":"index.php/rapier.html","clsrng":true,"armed":true,"templateID":"ITEMTPL_9"},{"name":"Wolfsmesser","combattech":"Fechtwaffen","primeattr":"GE","threshold":15,"damage":"1W6","bonus":3,"at":1,"pa":1,"range":"mittel","weight":"0,5Stn","price":300,"sf":12,"primeattrID":"ATTR_6","combattechID":"CT_4","improvised":false,"url":"index.php/wolfsmesser.html","clsrng":true,"armed":true,"templateID":"ITEMTPL_10"},{"name":"Brabakbengel","combattech":"Hiebwaffen","primeattr":"KK","threshold":14,"damage":"1W6","bonus":5,"at":-1,"pa":-2,"range":"mittel","weight":"2Stn","price":170,"sf":12,"primeattrID":"ATTR_8","combattechID":"CT_5","improvised":false,"url":"index.php/brabakbengel.html","clsrng":true,"armed":true,"templateID":"ITEMTPL_11"},{"name":"Keule","combattech":"Hiebwaffen","primeattr":"KK","threshold":14,"damage":"1W6","bonus":3,"at":0,"pa":-1,"range":"mittel","weight":"0,75Stn","price":3,"sf":12,"primeattrID":"ATTR_8","combattechID":"CT_5","improvised":false,"url":"index.php/keule.html","clsrng":true,"armed":true,"templateID":"ITEMTPL_12"},{"name":"Knüppel","combattech":"Hiebwaffen","primeattr":"KK","threshold":14,"damage":"1W6","bonus":2,"at":0,"pa":-2,"range":"mittel","weight":"0,5Stn","price":0,"sf":12,"primeattrID":"ATTR_8","combattechID":"CT_5","improvised":false,"url":"index.php/knueppel.html","clsrng":true,"armed":true,"templateID":"ITEMTPL_13"},{"name":"Lindwurmschläger","combattech":"Hiebwaffen","primeattr":"KK","threshold":14,"damage":"1W6","bonus":4,"at":0,"pa":-1,"range":"kurz","weight":"1Stn","price":90,"sf":12,"primeattrID":"ATTR_8","combattechID":"CT_5","improvised":false,"url":"index.php/lindwurmschlaeger.html","clsrng":true,"armed":true,"templateID":"ITEMTPL_14"},{"name":"Magierstab,kurz","combattech":"Hiebwaffen","primeattr":"KK","threshold":14,"damage":"1W6","bonus":1,"at":0,"pa":-1,"range":"kurz","weight":"0,75Stn","price":40,"sf":12,"primeattrID":"ATTR_8","combattechID":"CT_5","improvised":false,"url":"index.php/magierstab-kurz.html","clsrng":true,"armed":true,"templateID":"ITEMTPL_15"},{"name":"Magierstab,mittel","combattech":"Hiebwaffen","primeattr":"KK","threshold":14,"damage":"1W6","bonus":2,"at":0,"pa":-1,"range":"mittel","weight":"0,75Stn","price":60,"sf":12,"primeattrID":"ATTR_8","combattechID":"CT_5","improvised":false,"url":"index.php/magierstab-mittel.html","clsrng":true,"armed":true,"templateID":"ITEMTPL_16"},{"name":"Molokdeschnaja","combattech":"Hiebwaffen","primeattr":"KK","threshold":14,"damage":"1W6","bonus":4,"at":0,"pa":-1,"range":"mittel","weight":"1,25Stn","price":95,"sf":12,"primeattrID":"ATTR_8","combattechID":"CT_5","improvised":false,"url":"index.php/molokdeschnaja.html","clsrng":true,"armed":true,"templateID":"ITEMTPL_17"},{"name":"Orknase","combattech":"Hiebwaffen","primeattr":"KK","threshold":14,"damage":"1W6","bonus":5,"at":-1,"pa":-2,"range":"mittel","weight":"1,75Stn","price":120,"sf":12,"primeattrID":"ATTR_8","combattechID":"CT_5","improvised":false,"url":"index.php/orknase.html","clsrng":true,"armed":true,"templateID":"ITEMTPL_18"},{"name":"Rabenschnabel","combattech":"Hiebwaffen","primeattr":"KK","threshold":14,"damage":"1W6","bonus":4,"at":0,"pa":-1,"range":"mittel","weight":"1,5Stn","price":105,"sf":12,"primeattrID":"ATTR_8","combattechID":"CT_5","improvised":false,"url":"index.php/rabenschnabel.html","clsrng":true,"armed":true,"templateID":"ITEMTPL_796"},{"name":"Sonnenzepter","combattech":"Hiebwaffen","primeattr":"KK","threshold":14,"damage":"1W6","bonus":3,"at":0,"pa":-1,"range":"mittel","weight":"1,25Stn","price":250,"sf":12,"primeattrID":"ATTR_8","combattechID":"CT_5","improvised":false,"url":"index.php/sonnenzepter.html","clsrng":true,"armed":true,"templateID":"ITEMTPL_20"},{"name":"Streitaxt","combattech":"Hiebwaffen","primeattr":"KK","threshold":14,"damage":"1W6","bonus":4,"at":0,"pa":-1,"range":"mittel","weight":"1,5Stn","price":105,"sf":12,"primeattrID":"ATTR_8","combattechID":"CT_5","improvised":false,"url":"index.php/streitaxt.html","clsrng":true,"armed":true,"templateID":"ITEMTPL_21"},{"name":"Streitkolben","combattech":"Hiebwaffen","primeattr":"KK","threshold":14,"damage":"1W6","bonus":4,"at":0,"pa":-1,"range":"mittel","weight":"1,5Stn","price":105,"sf":12,"primeattrID":"ATTR_8","combattechID":"CT_5","improvised":false,"url":"index.php/streitkolben.html","clsrng":true,"armed":true,"templateID":"ITEMTPL_22"},{"name":"Morgenstern","combattech":"Kettenwaffen","primeattr":"KK","threshold":14,"damage":"1W6","bonus":5,"at":0,"range":"mittel","weight":"1,5Stn","price":110,"sf":12,"primeattrID":"ATTR_8","combattechID":"CT_6","improvised":false,"url":"index.php/morgenstern.html","clsrng":true,"armed":true,"templateID":"ITEMTPL_23"},{"name":"Kriegslanze","combattech":"Lanzen","damage":"2W6","bonus":6,"range":"-","weight":"3,75Stn","price":100,"sf":12,"combattechID":"CT_7","improvised":false,"url":"index.php/kriegslanze.html","clsrng":true,"armed":true,"templateID":"ITEMTPL_24"},{"name":"Schlagring","combattech":"Raufen","primeattr":"GE/KK","threshold":15,"damage":"1W6","bonus":1,"at":0,"pa":0,"range":"kurz","weight":"0,25Stn","price":25,"sf":12,"primeattrID":"ATTR_6/ATTR_8","combattechID":"CT_9","improvised":false,"url":"index.php/schlagring.html","clsrng":true,"armed":true,"templateID":"ITEMTPL_25"},{"name":"Waffenlos","combattech":"Raufen","primeattr":"GE/KK","threshold":14,"damage":"1W6","bonus":0,"at":0,"pa":0,"range":"kurz","weight":"-","price":0,"sf":12,"primeattrID":"ATTR_6/ATTR_8","combattechID":"CT_9","improvised":false,"url":"index.php/waffenlos.html","clsrng":true,"armed":false,"templateID":"WEAPONLESS"},{"name":"Holzschild","combattech":"Schilde","primeattr":"KK","threshold":16,"damage":"1W6","at":-4,"pa":1,"range":"kurz","weight":"3,5Stn","price":50,"sf":12,"primeattrID":"ATTR_8","combattechID":"CT_10","improvised":false,"url":"index.php/holzschild.html","clsrng":true,"armed":true,"templateID":"ITEMTPL_26"},{"name":"Lederschild","combattech":"Schilde","primeattr":"KK","threshold":16,"damage":"1W6","at":-4,"pa":1,"range":"kurz","weight":"2Stn","price":30,"sf":12,"primeattrID":"ATTR_8","combattechID":"CT_10","improvised":false,"url":"index.php/lederschild.html","clsrng":true,"armed":true,"templateID":"ITEMTPL_27"},{"name":"Thorwalerschild","combattech":"Schilde","primeattr":"KK","threshold":16,"damage":"1W6","bonus":1,"at":-5,"pa":2,"range":"kurz","weight":"4,5Stn","price":70,"sf":12,"primeattrID":"ATTR_8","combattechID":"CT_10","improvised":false,"url":"index.php/thorwalerschild.html","clsrng":true,"armed":true,"templateID":"ITEMTPL_28"},{"name":"Großschild","combattech":"Schilde","primeattr":"KK","threshold":16,"damage":"1W6","bonus":1,"at":-6,"pa":3,"range":"kurz","weight":"6Stn","price":100,"sf":12,"primeattrID":"ATTR_8","combattechID":"CT_10","improvised":false,"url":"index.php/grossschild.html","clsrng":true,"armed":true,"templateID":"ITEMTPL_29"},{"name":"Barbarenschwert","combattech":"Schwerter","primeattr":"GE/KK","threshold":15,"damage":"1W6","bonus":5,"at":-1,"pa":-1,"range":"mittel","weight":"1,5Stn","price":140,"sf":12,"primeattrID":"ATTR_6/ATTR_8","combattechID":"CT_12","improvised":false,"url":"index.php/barbarenschwert.html","clsrng":true,"armed":true,"templateID":"ITEMTPL_30"},{"name":"Entermesser","combattech":"Schwerter","primeattr":"GE/KK","threshold":15,"damage":"1W6","bonus":3,"at":0,"pa":-1,"range":"mittel","weight":"0,75Stn","price":120,"sf":12,"primeattrID":"ATTR_6/ATTR_8","combattechID":"CT_12","improvised":false,"url":"index.php/entermesser.html","clsrng":true,"armed":true,"templateID":"ITEMTPL_31"},{"name":"Flammenschwert","combattech":"Schwerter","primeattr":"GE/KK","threshold":15,"damage":"1W6","bonus":7,"at":0,"pa":0,"range":"mittel","weight":"1AsP/KR","price":0,"sf":12,"primeattrID":"ATTR_6/ATTR_8","combattechID":"CT_12","improvised":false,"url":"","clsrng":true,"armed":true},{"name":"Flammenschwert(fern)","combattech":"Schwerter","primeattr":"GE/KK","threshold":99,"damage":"1W6","bonus":7,"at":0,"range":"32m|GS8","weight":"2AsP/KR","price":0,"sf":12,"primeattrID":"ATTR_6/ATTR_8","combattechID":"CT_12","improvised":false,"url":"","clsrng":true,"armed":true},{"name":"Haumesser","combattech":"Schwerter","primeattr":"GE/KK","threshold":15,"damage":"1W6","bonus":3,"at":0,"pa":-1,"range":"mittel","weight":"0,75Stn","price":100,"sf":12,"primeattrID":"ATTR_6/ATTR_8","combattechID":"CT_12","improvised":false,"url":"index.php/haumesser.html","clsrng":true,"armed":true,"templateID":"ITEMTPL_32"},{"name":"Khunchomer","combattech":"Schwerter","primeattr":"GE/KK","threshold":15,"damage":"1W6","bonus":4,"at":0,"pa":0,"range":"mittel","weight":"1,25Stn","price":210,"sf":12,"primeattrID":"ATTR_6/ATTR_8","combattechID":"CT_12","improvised":false,"url":"index.php/khunchomer.html","clsrng":true,"armed":true,"templateID":"ITEMTPL_33"},{"name":"Kurzschwert","combattech":"Schwerter","primeattr":"GE/KK","threshold":15,"damage":"1W6","bonus":2,"at":0,"pa":0,"range":"kurz","weight":"0,75Stn","price":140,"sf":12,"primeattrID":"ATTR_6/ATTR_8","combattechID":"CT_12","improvised":false,"url":"index.php/kurzschwert.html","clsrng":true,"armed":true,"templateID":"ITEMTPL_34"},{"name":"Langschwert","combattech":"Schwerter","primeattr":"GE/KK","threshold":15,"damage":"1W6","bonus":4,"at":0,"pa":0,"range":"mittel","weight":"1Stn","price":200,"sf":12,"primeattrID":"ATTR_6/ATTR_8","combattechID":"CT_12","improvised":false,"url":"index.php/langschwert.html","clsrng":true,"armed":true,"templateID":"ITEMTPL_35"},{"name":"Robbentöter","combattech":"Schwerter","primeattr":"GE/KK","threshold":15,"damage":"1W6","bonus":4,"at":0,"pa":0,"range":"mittel","weight":"1Stn","price":200,"sf":12,"primeattrID":"ATTR_6/ATTR_8","combattechID":"CT_12","improvised":false,"url":"index.php/robbentoeter.html","clsrng":true,"armed":true,"templateID":"ITEMTPL_36"},{"name":"Säbel","combattech":"Schwerter","primeattr":"GE/KK","threshold":15,"damage":"1W6","bonus":3,"at":0,"pa":0,"range":"mittel","weight":"0,75Stn","price":180,"sf":12,"primeattrID":"ATTR_6/ATTR_8","combattechID":"CT_12","improvised":false,"url":"index.php/saebel.html","clsrng":true,"armed":true,"templateID":"ITEMTPL_37"},{"name":"Sklaventod","combattech":"Schwerter","primeattr":"GE/KK","threshold":15,"damage":"1W6","bonus":4,"at":0,"pa":0,"range":"mittel","weight":"1,25Stn","price":210,"sf":12,"primeattrID":"ATTR_6/ATTR_8","combattechID":"CT_12","improvised":false,"url":"index.php/sklaventod.html","clsrng":true,"armed":true,"templateID":"ITEMTPL_38"},{"name":"Dreizack","combattech":"Stangenwaffen","primeattr":"GE/KK","threshold":15,"damage":"1W6","bonus":4,"at":0,"pa":0,"range":"lang","weight":"2Stn","price":80,"sf":12,"primeattrID":"ATTR_6/ATTR_8","combattechID":"CT_13","improvised":false,"url":"index.php/dreizack-2h.html","clsrng":true,"armed":true,"templateID":"ITEMTPL_148"},{"name":"Dschadra","combattech":"Stangenwaffen","primeattr":"GE/KK","threshold":15,"damage":"1W6","bonus":5,"at":0,"pa":-1,"range":"lang","weight":"2Stn","price":60,"sf":12,"primeattrID":"ATTR_6/ATTR_8","combattechID":"CT_13","improvised":false,"url":"index.php/dschadra-2h.html","clsrng":true,"armed":true,"templateID":"ITEMTPL_40"},{"name":"Hellebarde","combattech":"Stangenwaffen","primeattr":"GE/KK","threshold":15,"damage":"1W6","bonus":6,"at":0,"pa":-2,"range":"lang","weight":"2,5Stn","price":160,"sf":12,"primeattrID":"ATTR_6/ATTR_8","combattechID":"CT_13","improvised":false,"url":"index.php/hellebarde-2h.html","clsrng":true,"armed":true,"templateID":"ITEMTPL_41"},{"name":"Holzspeer","combattech":"Stangenwaffen","primeattr":"GE/KK","threshold":15,"damage":"1W6","bonus":2,"at":0,"pa":0,"range":"lang","weight":"1Stn","price":1,"sf":12,"primeattrID":"ATTR_6/ATTR_8","combattechID":"CT_13","improvised":false,"url":"index.php/holzspeer-2h.html","clsrng":true,"armed":true,"templateID":"ITEMTPL_42"},{"name":"Kampfstab","combattech":"Stangenwaffen","primeattr":"GE/KK","threshold":15,"damage":"1W6","bonus":2,"at":0,"pa":2,"range":"lang","weight":"1Stn","price":40,"sf":12,"primeattrID":"ATTR_6/ATTR_8","combattechID":"CT_13","improvised":false,"url":"index.php/kampfstab-2h.html","clsrng":true,"armed":true,"templateID":"ITEMTPL_43"},{"name":"Magierstab,lang","combattech":"Stangenwaffen","primeattr":"GE/KK","threshold":16,"damage":"1W6","bonus":2,"at":-1,"pa":2,"range":"lang","weight":"0,75Stn","price":80,"sf":12,"primeattrID":"ATTR_6/ATTR_8","combattechID":"CT_13","improvised":false,"url":"index.php/magierstab-lang-2h.html","clsrng":true,"armed":true,"templateID":"ITEMTPL_44"},{"name":"Speer","combattech":"Stangenwaffen","primeattr":"GE/KK","threshold":15,"damage":"1W6","bonus":4,"at":0,"pa":0,"range":"lang","weight":"2Stn","price":45,"sf":12,"primeattrID":"ATTR_6/ATTR_8","combattechID":"CT_13","improvised":false,"url":"index.php/speer-2h.html","clsrng":true,"armed":true,"templateID":"ITEMTPL_45"},{"name":"Zweililie","combattech":"Stangenwaffen","primeattr":"GE/KK","threshold":15,"damage":"1W6","bonus":4,"at":0,"pa":2,"range":"mittel","weight":"2Stn","price":200,"sf":12,"primeattrID":"ATTR_6/ATTR_8","combattechID":"CT_13","improvised":false,"url":"index.php/zweililien-2h.html","clsrng":true,"armed":true,"templateID":"ITEMTPL_46"},{"name":"Anderthalbhänder","combattech":"Zweihandschwerter","primeattr":"KK","threshold":14,"damage":"1W6","bonus":6,"at":0,"pa":0,"range":"mittel","weight":"2Stn","price":320,"sf":12,"primeattrID":"ATTR_8","combattechID":"CT_16","improvised":false,"url":"index.php/anderthalbhaender-2h.html","clsrng":true,"armed":true,"templateID":"ITEMTPL_47"},{"name":"Doppelkhunchomer","combattech":"Zweihandschwerter","primeattr":"KK","threshold":14,"damage":"2W6","bonus":3,"at":0,"pa":-2,"range":"mittel","weight":"2Stn","price":320,"sf":12,"primeattrID":"ATTR_8","combattechID":"CT_16","improvised":false,"url":"index.php/doppelkhunchomer-2h.html","clsrng":true,"armed":true,"templateID":"ITEMTPL_48"},{"name":"GroßerSklaventod","combattech":"Zweihandschwerter","primeattr":"KK","threshold":14,"damage":"2W6","bonus":3,"at":0,"pa":-2,"range":"mittel","weight":"2Stn","price":320,"sf":12,"primeattrID":"ATTR_8","combattechID":"CT_16","improvised":false,"url":"index.php/grosser-sklaventod-2h.html","clsrng":true,"armed":true,"templateID":"ITEMTPL_49"},{"name":"Rondrakamm","combattech":"Zweihandschwerter","primeattr":"KK","threshold":14,"damage":"2W6","bonus":2,"at":0,"pa":-1,"range":"mittel","weight":"2Stn","price":340,"sf":12,"primeattrID":"ATTR_8","combattechID":"CT_16","improvised":false,"url":"index.php/rondrakamm-2h.html","clsrng":true,"armed":true,"templateID":"ITEMTPL_50"},{"name":"Tuzakmesser","combattech":"Zweihandschwerter","primeattr":"KK","threshold":14,"damage":"1W6","bonus":6,"at":0,"pa":0,"range":"mittel","weight":"1,75Stn","price":360,"sf":12,"primeattrID":"ATTR_8","combattechID":"CT_16","improvised":false,"url":"index.php/tuzakmesser-2h.html","clsrng":true,"armed":true,"templateID":"ITEMTPL_51"},{"name":"Zweihänder","combattech":"Zweihandschwerter","primeattr":"KK","threshold":14,"damage":"2W6","bonus":4,"at":0,"pa":-3,"range":"mittel","weight":"2,5Stn","price":360,"sf":12,"primeattrID":"ATTR_8","combattechID":"CT_16","improvised":false,"url":"index.php/zweihaender-2h.html","clsrng":true,"armed":true,"templateID":"ITEMTPL_52"},{"name":"Barbarenstreitaxt","combattech":"Zweihandhiebwaffen","primeattr":"KK","threshold":13,"damage":"2W6","bonus":4,"at":0,"pa":-4,"range":"mittel","weight":"3,5Stn","price":175,"sf":12,"primeattrID":"ATTR_8","combattechID":"CT_15","improvised":false,"url":"index.php/barbarenstreitaxt-2h.html","clsrng":true,"armed":true,"templateID":"ITEMTPL_53"},{"name":"Felsspalter","combattech":"Zweihandhiebwaffen","primeattr":"KK","threshold":13,"damage":"2W6","bonus":2,"at":0,"pa":-2,"range":"mittel","weight":"3Stn","price":200,"sf":12,"primeattrID":"ATTR_8","combattechID":"CT_15","improvised":false,"url":"index.php/felsspalter-2h.html","clsrng":true,"armed":true,"templateID":"ITEMTPL_54"},{"name":"Kriegshammer","combattech":"Zweihandhiebwaffen","primeattr":"KK","threshold":13,"damage":"2W6","bonus":3,"at":0,"pa":-3,"range":"mittel","weight":"3Stn","price":170,"sf":12,"primeattrID":"ATTR_8","combattechID":"CT_15","improvised":false,"url":"index.php/kriegshammer-2h.html","clsrng":true,"armed":true,"templateID":"ITEMTPL_55"},{"name":"Zwergenschlägel","combattech":"Zweihandhiebwaffen","primeattr":"KK","threshold":13,"damage":"1W6","bonus":6,"at":0,"pa":-1,"range":"mittel","weight":"3Stn","price":100,"sf":12,"primeattrID":"ATTR_8","combattechID":"CT_15","improvised":false,"url":"index.php/zwergenschlaegel-2h.html","clsrng":true,"armed":true,"templateID":"ITEMTPL_56"},{"name":"Druidendolch","combattech":"Dolche","primeattr":"GE","threshold":15,"damage":"1W6","bonus":1,"at":-1,"pa":0,"range":"kurz","weight":"0,5Stn","price":60,"sf":12,"primeattrID":"ATTR_6","combattechID":"CT_3","improvised":false,"url":"index.php/druidendolch-aus-vulkanglas.html","clsrng":true,"armed":true,"templateID":"ITEMTPL_474"},{"name":"Eberfänger","combattech":"Dolche","primeattr":"GE","threshold":14,"damage":"1W6","bonus":2,"at":0,"pa":-1,"range":"kurz","weight":"1Stn","price":60,"sf":12,"primeattrID":"ATTR_6","combattechID":"CT_3","improvised":false,"url":"index.php/eberfaenger.html","clsrng":true,"armed":true,"templateID":"ITEMTPL_475"},{"name":"Deichgabel","combattech":"Hiebwaffen","primeattr":"KK","threshold":15,"damage":"1W6","bonus":2,"at":-1,"pa":-2,"range":"mittel","weight":"0,5Stn","price":30,"sf":12,"primeattrID":"ATTR_8","combattechID":"CT_5","improvised":true,"url":"index.php/deichgabel-i.html","clsrng":true,"armed":true,"templateID":"ITEMTPL_476"},{"name":"Turnierlanze","combattech":"Lanzen","damage":"1W6","bonus":8,"range":"-","weight":"3Stn","price":30,"sf":12,"combattechID":"CT_7","improvised":false,"url":"index.php/turnierlanze.html","clsrng":true,"armed":true,"templateID":"ITEMTPL_385"},{"name":"Hirschfänger","combattech":"Schwerter","primeattr":"GE/KK","threshold":14,"damage":"1W6","bonus":2,"at":0,"pa":-1,"range":"kurz","weight":"1Stn","price":100,"sf":12,"primeattrID":"ATTR_6/ATTR_8","combattechID":"CT_12","improvised":false,"url":"index.php/RK_Hirschfaenger.html","clsrng":true,"armed":true,"templateID":"ITEMTPL_477"},{"name":"Turnierschwert","combattech":"Schwerter","primeattr":"GE/KK","threshold":16,"damage":"1W6","bonus":1,"at":0,"pa":0,"range":"mittel","weight":"0,5Stn","price":20,"sf":12,"primeattrID":"ATTR_6/ATTR_8","combattechID":"CT_12","improvised":false,"url":"index.php/turnierschwert.html","clsrng":true,"armed":true,"templateID":"ITEMTPL_390"},{"name":"Kriegsflegel","combattech":"Stangenwaffen","primeattr":"GE/KK","threshold":15,"damage":"1W6","bonus":4,"at":-1,"pa":-1,"range":"lang","weight":"2Stn","price":50,"sf":12,"primeattrID":"ATTR_6/ATTR_8","combattechID":"CT_13","improvised":false,"url":"index.php/kriegsflegel-2h.html","clsrng":true,"armed":true,"templateID":"ITEMTPL_392"},{"name":"Saufeder","combattech":"Stangenwaffen","primeattr":"GE/KK","threshold":15,"damage":"1W6","bonus":5,"at":0,"pa":-1,"range":"lang","weight":"1,75Stn","price":100,"sf":12,"primeattrID":"ATTR_6/ATTR_8","combattechID":"CT_13","improvised":false,"url":"index.php/saufeder-2h.html","clsrng":true,"armed":true,"templateID":"ITEMTPL_478"},{"name":"Sense","combattech":"Stangenwaffen","primeattr":"GE/KK","threshold":16,"damage":"1W6","bonus":3,"at":-2,"pa":-1,"range":"lang","weight":"3,5Stn","price":40,"sf":12,"primeattrID":"ATTR_6/ATTR_8","combattechID":"CT_13","improvised":true,"url":"index.php/sense-2h-i.html","clsrng":true,"armed":true,"templateID":"ITEMTPL_394"},{"name":"Sturmsense","combattech":"Stangenwaffen","primeattr":"GE/KK","threshold":16,"damage":"1W6","bonus":5,"at":-1,"pa":-1,"range":"lang","weight":"1,75Stn","price":60,"sf":12,"primeattrID":"ATTR_6/ATTR_8","combattechID":"CT_13","improvised":false,"url":"index.php/sturmsense-2h.html","clsrng":true,"armed":true,"templateID":"ITEMTPL_395"},{"name":"Holzfälleraxt","combattech":"Zweihandhiebwaffen","primeattr":"KK","threshold":13,"damage":"2W6","bonus":1,"at":0,"pa":-4,"range":"mittel","weight":"4Stn","price":80,"sf":12,"primeattrID":"ATTR_8","combattechID":"CT_15","improvised":true,"url":"index.php/holzfaelleraxt-2h-i.html","clsrng":true,"armed":true,"templateID":"ITEMTPL_158"},{"name":"Stakaxt","combattech":"Zweihandhiebwaffen","primeattr":"KK","threshold":13,"damage":"1W6","bonus":4,"at":0,"pa":-2,"range":"mittel","weight":"3Stn","price":40,"sf":12,"primeattrID":"ATTR_8","combattechID":"CT_15","improvised":true,"url":"index.php/stakaxt-2h-i.html","clsrng":true,"armed":true,"templateID":"ITEMTPL_480"},{"name":"Nostrianer","combattech":"Zweihandschwerter","primeattr":"KK","threshold":14,"damage":"2W6","bonus":5,"at":0,"pa":-4,"range":"mittel","weight":"3,25Stn","price":400,"sf":12,"primeattrID":"ATTR_8","combattechID":"CT_16","improvised":false,"url":"index.php/andergaster-nostrianer-2h.html","clsrng":true,"armed":true,"templateID":"ITEMTPL_482"},{"name":"Turnierzweihänder","combattech":"Zweihandschwerter","primeattr":"GE/KK","threshold":16,"damage":"1W6","bonus":3,"at":0,"pa":-2,"range":"mittel","weight":"2,25Stn","price":40,"sf":12,"primeattrID":"ATTR_6/ATTR_8","combattechID":"CT_16","improvised":false,"url":"index.php/turnierzweihaender-2h.html","clsrng":true,"armed":true,"templateID":"ITEMTPL_396"},{"name":"Eichhafener","combattech":"Zweihandschwerter","primeattr":"KK","threshold":14,"damage":"2W6","bonus":5,"at":0,"pa":-4,"range":"mittel","weight":"3,5Stn","price":440,"sf":12,"primeattrID":"ATTR_8","combattechID":"CT_16","improvised":false,"url":"index.php/eichhafener-harmlyner-2h.html","clsrng":true,"armed":true,"templateID":"ITEMTPL_546"},{"name":"Harmlyner","combattech":"Zweihandschwerter","primeattr":"KK","threshold":14,"damage":"2W6","bonus":5,"at":0,"pa":-4,"range":"mittel","weight":"3,5Stn","price":440,"sf":12,"primeattrID":"ATTR_8","combattechID":"CT_16","improvised":false,"url":"index.php/eichhafener-harmlyner-2h.html","clsrng":true,"armed":true,"templateID":"ITEMTPL_547"},{"name":"Andergaster","combattech":"Zweihandschwerter","primeattr":"KK","threshold":14,"damage":"2W6","bonus":5,"at":0,"pa":-4,"range":"mittel","weight":"3,25Stn","price":400,"sf":12,"primeattrID":"ATTR_8","combattechID":"CT_16","improvised":false,"url":"index.php/andergaster-nostrianer-2h.html","clsrng":true,"armed":true,"templateID":"ITEMTPL_481"},{"name":"Andergaster Langschwert","combattech":"Schwerter","primeattr":"GE/KK","threshold":15,"damage":"1W6","bonus":4,"at":0,"pa":0,"range":"mittel","weight":"1,25Stn","price":200,"sf":12,"primeattrID":"ATTR_6/ATTR_8","combattechID":"CT_12","improvised":false,"url":"index.php/andergaster-langschwert.html","clsrng":true,"armed":true,"templateID":"ITEMTPL_548"},{"name":"Nostrisches Langschwert","combattech":"Schwerter","primeattr":"GE/KK","threshold":15,"damage":"1W6","bonus":4,"at":0,"pa":0,"range":"mittel","weight":"0,75Stn","price":200,"sf":12,"primeattrID":"ATTR_6/ATTR_8","combattechID":"CT_12","improvised":false,"url":"index.php/nostrisches-langschwert.html","clsrng":true,"armed":true,"templateID":"ITEMTPL_549"},{"name":"StreitaxtderStreitendenKönigreiche","combattech":"Hiebwaffen","primeattr":"KK","threshold":14,"damage":"1W6","bonus":4,"at":0,"pa":-1,"range":"mittel","weight":"1,5Stn","price":105,"sf":12,"primeattrID":"ATTR_8","combattechID":"CT_5","improvised":false,"url":"index.php/streitaxt-der-streitenden-koenigreiche.html","clsrng":true,"armed":true,"templateID":"ITEMTPL_550"},{"name":"StreitkolbenderStreitendenKönigreiche","combattech":"Hiebwaffen","primeattr":"KK","threshold":14,"damage":"1W6","bonus":4,"at":0,"pa":-1,"range":"mittel","weight":"1,5Stn","price":105,"sf":12,"primeattrID":"ATTR_8","combattechID":"CT_5","improvised":false,"url":"index.php/streitkolben-der-streitenden-koenigreiche.html","clsrng":true,"armed":true,"templateID":"ITEMTPL_551"},{"name":"Turnierschild","combattech":"Schilde","primeattr":"KK","threshold":16,"damage":"1W6","at":-4,"pa":1,"range":"kurz","weight":"3,5Stn","price":30,"sf":12,"primeattrID":"ATTR_8","combattechID":"CT_10","improvised":false,"url":"index.php/turnierschild.html","clsrng":true,"armed":true},{"name":"DruidendolchausFeuerstein","combattech":"Dolche","primeattr":"GE","threshold":15,"damage":"1W6","bonus":1,"at":-1,"pa":0,"range":"kurz","weight":"0,5Stn","price":60,"sf":12,"primeattrID":"ATTR_6","combattechID":"CT_3","improvised":false,"url":"index.php/druidendolch-aus-feuerstein.html","clsrng":true,"armed":true},{"name":"Magierstab,lang(aussteineiche)","combattech":"Stangenwaffen","primeattr":"GE/KK","threshold":16,"damage":"1W6","bonus":2,"at":-1,"pa":2,"range":"lang","weight":"1Stn","price":380,"sf":12,"primeattrID":"ATTR_6/ATTR_8","combattechID":"CT_13","improvised":false,"url":"index.php/magierstab-lang-2h.html","clsrng":true,"armed":true},{"name":"Beil","combattech":"Hiebwaffen","primeattr":"KK","threshold":14,"damage":"1W6","bonus":2,"at":-1,"pa":-2,"range":"mittel","weight":"0,75Stn","price":20,"sf":12,"primeattrID":"ATTR_8","combattechID":"CT_5","improvised":false,"url":"index.php/beil-handaxt-i.html","clsrng":true,"armed":true},{"name":"Handaxt","combattech":"Hiebwaffen","primeattr":"KK","threshold":14,"damage":"1W6","bonus":2,"at":-1,"pa":-2,"range":"mittel","weight":"0,75Stn","price":20,"sf":12,"primeattrID":"ATTR_8","combattechID":"CT_5","improvised":false,"url":"index.php/beil-handaxt-i.html","clsrng":true,"armed":true},{"name":"Fackel","combattech":"Hiebwaffen","primeattr":"KK","threshold":15,"damage":"1W6","at":-1,"pa":-2,"range":"mittel","weight":"0,5Stn","sf":12,"primeattrID":"ATTR_8","combattechID":"CT_5","improvised":true,"url":"index.php/fackel-i.html","clsrng":true,"armed":true,"templateID":"ITEMTPL_182"},{"name":"Nudelholz","combattech":"Hiebwaffen","primeattr":"KK","threshold":14,"damage":"1W6","bonus":1,"at":-1,"pa":-2,"range":"mittel","weight":"0,5Stn","price":10,"sf":12,"primeattrID":"ATTR_8","combattechID":"CT_5","improvised":true,"url":"index.php/nudel-teigholz-i.html","clsrng":true,"armed":true},{"name":"Teigholz","combattech":"Hiebwaffen","primeattr":"KK","threshold":14,"damage":"1W6","bonus":1,"at":-1,"pa":-2,"range":"mittel","weight":"0,5Stn","price":10,"sf":12,"primeattrID":"ATTR_8","combattechID":"CT_5","improvised":true,"url":"index.php/nudel-teigholz-i.html","clsrng":true,"armed":true},{"name":"Schmiedehammer","combattech":"Hiebwaffen","primeattr":"KK","threshold":14,"damage":"1W6","bonus":3,"at":0,"pa":-3,"range":"mittel","weight":"1,25Stn","price":100,"sf":12,"primeattrID":"ATTR_8","combattechID":"CT_5","improvised":true,"url":"index.php/schmiedehammer-i.html","clsrng":true,"armed":true,"templateID":"ITEMTPL_383"},{"name":"Sichel","combattech":"Hiebwaffen","primeattr":"KK","threshold":15,"damage":"1W6","bonus":2,"at":-1,"pa":-2,"range":"kurz","weight":"0,5Stn","price":10,"sf":12,"primeattrID":"ATTR_8","combattechID":"CT_5","improvised":true,"url":"index.php/sichel-i.html","clsrng":true,"armed":true,"templateID":"ITEMTPL_384"},{"name":"Fuhrmannspeitsche","combattech":"Peitschen","primeattr":"FF","threshold":16,"damage":"1W6","at":0,"range":"lang","weight":"3Stn","price":20,"sf":12,"primeattrID":"ATTR_5","combattechID":"CT_8","improvised":false,"url":"index.php/fuhrmannspeitsche.html","clsrng":true,"armed":true,"templateID":"ITEMTPL_386"},{"name":"Breitschwert","combattech":"Schwerter","primeattr":"GE/KK","threshold":14,"damage":"1W6","bonus":4,"at":-1,"pa":-1,"range":"mittel","weight":"1,5Stn","price":180,"sf":12,"primeattrID":"ATTR_6/ATTR_8","combattechID":"CT_12","improvised":false,"url":"index.php/breitschwert.html","clsrng":true,"armed":true,"templateID":"ITEMTPL_387"},{"name":"Parazonium","combattech":"Schwerter","primeattr":"GE/KK","threshold":15,"damage":"1W6","bonus":3,"at":0,"pa":-1,"range":"kurz","weight":"0,75Stn","price":140,"sf":12,"primeattrID":"ATTR_6/ATTR_8","combattechID":"CT_12","improvised":false,"url":"index.php/parazonium-zyklopaeisches-kurzschwert.html","clsrng":true,"armed":true},{"name":"Scimshar","combattech":"Schwerter","primeattr":"GE/KK","threshold":14,"damage":"1W6","bonus":2,"at":0,"pa":-1,"range":"kurz","weight":"0,75Stn","price":140,"sf":12,"primeattrID":"ATTR_6/ATTR_8","combattechID":"CT_12","improvised":false,"url":"index.php/scimshar-tulamidisches-kurzschwert.html","clsrng":true,"armed":true},{"name":"Dreschflegel","combattech":"Stangenwaffen","primeattr":"GE/KK","threshold":15,"damage":"1W6","bonus":2,"at":-2,"pa":-1,"range":"lang","weight":"1,75Stn","price":30,"sf":12,"primeattrID":"ATTR_6/ATTR_8","combattechID":"CT_13","improvised":true,"url":"index.php/dreschflegel-2h-i.html","clsrng":true,"armed":true,"templateID":"ITEMTPL_149"},{"name":"Hirtenstab","combattech":"Stangenwaffen","primeattr":"GE/KK","threshold":15,"damage":"1W6","bonus":1,"at":0,"pa":2,"range":"lang","weight":"0,75Stn","price":10,"sf":12,"primeattrID":"ATTR_6/ATTR_8","combattechID":"CT_13","improvised":false,"url":"index.php/hirtenstab-2h.html","clsrng":true,"armed":true,"templateID":"ITEMTPL_391"},{"name":"Kriegsflegel","combattech":"Stangenwaffen","primeattr":"GE/KK","threshold":15,"damage":"1W6","bonus":4,"at":-1,"pa":-1,"range":"lang","weight":"2Stn","price":50,"sf":12,"primeattrID":"ATTR_6/ATTR_8","combattechID":"CT_13","improvised":false,"url":"index.php/kriegsflegel-2h.html","clsrng":true,"armed":true},{"name":"Pailos","combattech":"Stangenwaffen","primeattr":"GE/KK","threshold":15,"damage":"2W6","bonus":3,"at":-1,"pa":-2,"range":"lang","weight":"4,5Stn","price":300,"sf":12,"primeattrID":"ATTR_6/ATTR_8","combattechID":"CT_13","improvised":false,"url":"index.php/pailos-2h.html","clsrng":true,"armed":true,"templateID":"ITEMTPL_393"},{"name":"Sense","combattech":"Stangenwaffen","primeattr":"GE/KK","threshold":16,"damage":"1W6","bonus":3,"at":-2,"pa":-1,"range":"lang","weight":"1,75Stn","price":40,"sf":12,"primeattrID":"ATTR_6/ATTR_8","combattechID":"CT_13","improvised":true,"url":"index.php/sense-2h-i.html","clsrng":true,"armed":true},{"name":"Sturmsense","combattech":"Stangenwaffen","primeattr":"GE/KK","threshold":16,"damage":"1W6","bonus":5,"at":-1,"pa":-1,"range":"lang","weight":"1,75Stn","price":60,"sf":12,"primeattrID":"ATTR_6/ATTR_8","combattechID":"CT_13","improvised":false,"url":"index.php/sturmsense-2h.html","clsrng":true,"armed":true},{"name":"Amazonensäbel","combattech":"Schwerter","primeattr":"GE/KK","threshold":15,"damage":"1W6","bonus":4,"at":0,"pa":0,"range":"mittel","weight":"2Stn","price":200,"sf":12,"primeattrID":"ATTR_6/ATTR_8","combattechID":"CT_12","improvised":false,"url":"index.php/amazonensaebel.html","clsrng":true,"armed":true,"templateID":"ITEMTPL_454"},{"name":"Faustschild","combattech":"Schilde","primeattr":"KK","threshold":16,"damage":"1W6","at":-3,"pa":0,"range":"kurz","weight":"1Stn","price":40,"sf":12,"primeattrID":"ATTR_8","combattechID":"CT_10","improvised":false,"url":"index.php/faustschild.html","clsrng":true,"armed":true,"templateID":"ITEMTPL_453"},{"name":"Glefe","combattech":"Stangenwaffen","primeattr":"GE/KK","threshold":15,"damage":"1W6","bonus":5,"at":0,"pa":-2,"range":"lang","weight":"2Stn","price":50,"sf":12,"primeattrID":"ATTR_6/ATTR_8","combattechID":"CT_13","improvised":false,"url":"index.php/glefe-2h.html","clsrng":true,"armed":true,"templateID":"ITEMTPL_456"},{"name":"Hakendolch","combattech":"Dolche","primeattr":"GE","threshold":14,"damage":"1W6","bonus":1,"at":-1,"pa":0,"range":"kurz","weight":"1,25Stn","price":80,"sf":12,"primeattrID":"ATTR_6","combattechID":"CT_3","improvised":false,"url":"index.php/hakendolch.html","clsrng":true,"armed":true,"templateID":"ITEMTPL_443"},{"name":"Jagdmesser","combattech":"Dolche","primeattr":"GE","threshold":14,"damage":"1W6","bonus":1,"at":0,"pa":-2,"range":"kurz","weight":"0,25Stn","price":50,"sf":12,"primeattrID":"ATTR_6","combattechID":"CT_3","improvised":false,"url":"index.php/jagdmesser.html","clsrng":true,"armed":true,"templateID":"ITEMTPL_444"},{"name":"Jagdspieß","combattech":"Stangenwaffen","primeattr":"GE/KK","threshold":15,"damage":"1W6","bonus":5,"at":0,"pa":-1,"range":"lang","weight":"1,75Stn","price":80,"sf":12,"primeattrID":"ATTR_6/ATTR_8","combattechID":"CT_13","improvised":false,"url":"index.php/jagdspiess-2h.html","clsrng":true,"armed":true,"templateID":"ITEMTPL_457"},{"name":"Katar","combattech":"Dolche","primeattr":"GE","threshold":13,"damage":"1W6","bonus":1,"at":0,"pa":-1,"range":"kurz","weight":"1,25Stn","price":50,"sf":12,"primeattrID":"ATTR_6","combattechID":"CT_3","improvised":false,"url":"index.php/katar.html","clsrng":true,"armed":true,"templateID":"ITEMTPL_445"},{"name":"Mengbilar","combattech":"Dolche","primeattr":"GE","threshold":14,"damage":"1W6","bonus":1,"at":0,"pa":-2,"range":"kurz","weight":"0,5Stn","price":120,"sf":12,"primeattrID":"ATTR_6","combattechID":"CT_3","improvised":false,"url":"index.php/mengbilar.html","clsrng":true,"armed":true,"templateID":"ITEMTPL_446"},{"name":"Nachtwind","combattech":"Schwerter","primeattr":"GE/KK","threshold":15,"damage":"1W6","bonus":4,"at":0,"pa":0,"range":"mittel","weight":"1,75Stn","price":250,"sf":12,"primeattrID":"ATTR_6/ATTR_8","combattechID":"CT_12","improvised":false,"url":"index.php/nachtwind.html","clsrng":true,"armed":true,"templateID":"ITEMTPL_455"},{"name":"Ochsenherde","combattech":"Kettenwaffen","primeattr":"KK","threshold":14,"damage":"2W6","bonus":6,"at":-2,"range":"mittel","weight":"6Stn","price":260,"sf":12,"primeattrID":"ATTR_8","combattechID":"CT_6","improvised":false,"url":"index.php/ochsenherde-2h.html","clsrng":true,"armed":true,"templateID":"ITEMTPL_449"},{"name":"Ogerfänger","combattech":"Dolche","primeattr":"GE","threshold":14,"damage":"1W6","bonus":2,"at":0,"pa":-1,"range":"kurz","weight":"1Stn","price":100,"sf":12,"primeattrID":"ATTR_6","combattechID":"CT_3","improvised":false,"url":"index.php/ogerfaenger.html","clsrng":true,"armed":true,"templateID":"ITEMTPL_447"},{"name":"Ogerschelle","combattech":"Kettenwaffen","primeattr":"KK","threshold":14,"damage":"2W6","bonus":2,"at":-2,"range":"mittel","weight":"4Stn","price":180,"sf":12,"primeattrID":"ATTR_8","combattechID":"CT_6","improvised":false,"url":"index.php/ogerschelle.html","clsrng":true,"armed":true,"templateID":"ITEMTPL_450"},{"name":"Orchidee","combattech":"Raufen","primeattr":"GE/KK","threshold":15,"damage":"1W6","bonus":2,"at":0,"pa":-1,"range":"kurz","weight":"1Stn","price":60,"sf":12,"primeattrID":"ATTR_6/ATTR_8","combattechID":"CT_9","improvised":false,"url":"index.php/orchidee.html","clsrng":true,"armed":true,"templateID":"ITEMTPL_451"},{"name":"Panzerarm","combattech":"Raufen","primeattr":"GE/KK","threshold":15,"damage":"1W6","bonus":1,"at":0,"pa":0,"range":"kurz","weight":"1Stn","price":70,"sf":12,"primeattrID":"ATTR_6/ATTR_8","combattechID":"CT_9","improvised":false,"url":"index.php/panzerarm.html","clsrng":true,"armed":true,"templateID":"ITEMTPL_452"},{"name":"Richtschwert","combattech":"Schwerter","primeattr":"KK","threshold":14,"damage":"2W6","bonus":6,"at":-2,"pa":-3,"range":"mittel","weight":"5Stn","price":600,"sf":12,"primeattrID":"ATTR_8","combattechID":"CT_12","improvised":true,"url":"index.php/richtschwert-2h-i.html","clsrng":true,"armed":true,"templateID":"ITEMTPL_460"},{"name":"Schnitter","combattech":"Stangenwaffen","primeattr":"GE/KK","threshold":15,"damage":"1W6","bonus":5,"at":-1,"pa":-1,"range":"lang","weight":"2Stn","price":80,"sf":12,"primeattrID":"ATTR_6/ATTR_8","combattechID":"CT_13","improvised":false,"url":"index.php/schnitter-2h.html","clsrng":true,"armed":true,"templateID":"ITEMTPL_458"},{"name":"Stockdegen","combattech":"Fechtwaffen","primeattr":"GE","threshold":15,"damage":"1W6","bonus":2,"at":1,"pa":0,"range":"mittel","weight":"1Stn","price":350,"sf":12,"primeattrID":"ATTR_6","combattechID":"CT_4","improvised":false,"url":"index.php/stockdegen.html","clsrng":true,"armed":true,"templateID":"ITEMTPL_448"},{"name":"WarunkerHammer","combattech":"Zweihandhiebwaffen","primeattr":"KK","threshold":14,"damage":"1W6","bonus":6,"at":0,"pa":-3,"range":"lang","weight":"3,75Stn","price":300,"sf":12,"primeattrID":"ATTR_8","combattechID":"CT_15","improvised":false,"url":"index.php/warunker-hammer-2h.html","clsrng":true,"armed":true,"templateID":"ITEMTPL_459"},{"name":"Besen","combattech":"Hiebwaffen","primeattr":"KK","threshold":15,"damage":"1W6","bonus":2,"at":-1,"pa":-3,"range":"mittel","weight":"0,75Stn","sf":12,"primeattrID":"ATTR_8","combattechID":"CT_5","improvised":true,"url":"index.php/besen-i.html","clsrng":true,"armed":true,"templateID":"ITEMTPL_146"},{"name":"Bratpfanne","combattech":"Hiebwaffen","primeattr":"KK","threshold":15,"damage":"1W6","bonus":3,"at":-1,"pa":-3,"range":"kurz","weight":"2Stn","price":12,"sf":12,"primeattrID":"ATTR_8","combattechID":"CT_5","improvised":true,"url":"","clsrng":true,"armed":true},{"name":"Bratpfanne,heiß","combattech":"Hiebwaffen","primeattr":"KK","threshold":15,"damage":"1W6","bonus":4,"at":-2,"pa":-3,"range":"kurz","weight":"2Stn","price":12,"sf":12,"primeattrID":"ATTR_8","combattechID":"CT_5","improvised":true,"url":"","clsrng":true,"armed":true},{"name":"Flasche","combattech":"Hiebwaffen","primeattr":"KK","threshold":16,"damage":"1W6","bonus":1,"at":-1,"pa":-3,"range":"kurz","weight":"","sf":12,"primeattrID":"ATTR_8","combattechID":"CT_5","improvised":true,"url":"index.php/flasche-i.html","clsrng":true,"armed":true},{"name":"Flasche,gesplittert","combattech":"Hiebwaffen","primeattr":"KK","threshold":16,"damage":"1W6","bonus":2,"at":-1,"pa":-4,"range":"kurz","weight":"","sf":12,"primeattrID":"ATTR_8","combattechID":"CT_5","improvised":true,"url":"","clsrng":true,"armed":true},{"name":"Stuhl","combattech":"Hiebwaffen","primeattr":"KK","threshold":15,"damage":"1W6","bonus":3,"at":-2,"pa":-2,"range":"mittel","weight":"","sf":12,"primeattrID":"ATTR_8","combattechID":"CT_5","improvised":true,"url":"index.php/stuhl-i.html","clsrng":true,"armed":true},{"name":"Stuhlbein","combattech":"Hiebwaffen","primeattr":"KK","threshold":14,"damage":"1W6","bonus":2,"at":-1,"pa":-3,"range":"mittel","weight":"","sf":12,"primeattrID":"ATTR_8","combattechID":"CT_5","improvised":true,"url":"index.php/stuhlbein-i.html","clsrng":true,"armed":true},{"name":"Tisch","combattech":"Hiebwaffen","primeattr":"KK","threshold":17,"damage":"1W6","bonus":4,"at":-4,"pa":-1,"range":"mittel","weight":"","sf":12,"primeattrID":"ATTR_8","combattechID":"CT_5","improvised":true,"url":"index.php/tisch-i.html","clsrng":true,"armed":true},{"name":"Bratspieß","combattech":"Hiebwaffen","primeattr":"GE/KK","threshold":14,"damage":"1W6","bonus":1,"at":-1,"pa":-2,"range":"mittel","weight":"3Stn","price":16,"sf":12,"primeattrID":"ATTR_6/ATTR_8","combattechID":"CT_5","improvised":true,"url":"index.php/bratspiess-i.html","clsrng":true,"armed":true,"templateID":"ITEMTPL_147"},{"name":"Brecheisen","combattech":"Hiebwaffen","primeattr":"KK","threshold":14,"damage":"1W6","bonus":2,"at":-1,"pa":-3,"range":"mittel","weight":"5Stn","price":26,"sf":12,"primeattrID":"ATTR_8","combattechID":"CT_5","improvised":true,"url":"index.php/brecheisen-i.html","clsrng":true,"armed":true,"templateID":"ITEMTPL_221"},{"name":"SeifemitTuch","combattech":"Kettenwaffen","primeattr":"KK","threshold":14,"damage":"1W3","at":-1,"range":"mittel","weight":"0,5Stn","price":1,"sf":12,"primeattrID":"ATTR_8","combattechID":"CT_6","improvised":true,"url":"index.php/seife-mit-tuch-i.html","clsrng":true,"armed":true,"templateID":"ITEMTPL_441"},{"name":"Wurfhaken mit Kletterseil","combattech":"Kettenwaffen","primeattr":"KK","threshold":14,"damage":"1W6","bonus":1,"at":-2,"range":"lang","weight":"1,5Stn","sf":12,"primeattrID":"ATTR_8","combattechID":"CT_6","improvised":true,"url":"index.php/wurfhaken-mit-kletterseil-i.html","clsrng":true,"armed":true,"templateID":"ITEMTPL_442"},{"name":"Brechstange","combattech":"Zweihandhiebwaffen","primeattr":"KK","threshold":13,"damage":"1W6","bonus":3,"at":-1,"pa":-3,"range":"mittel","weight":"6Stn","price":38,"sf":12,"primeattrID":"ATTR_8","combattechID":"CT_15","improvised":true,"url":"index.php/brechstange-2h-i.html","clsrng":true,"armed":true,"templateID":"ITEMTPL_408"},{"name":"Spaten","combattech":"Zweihandhiebwaffen","primeattr":"KK","threshold":13,"damage":"1W6","bonus":4,"at":-2,"pa":-4,"range":"mittel","weight":"2Stn","sf":12,"primeattrID":"ATTR_8","combattechID":"CT_15","improvised":true,"url":"index.php/spaten-2h-i.html","clsrng":true,"armed":true,"templateID":"ITEMTPL_174"},{"name":"Spitzhacke","combattech":"Zweihandhiebwaffen","primeattr":"KK","threshold":13,"damage":"1W6","bonus":5,"at":-1,"pa":-5,"range":"mittel","weight":"2,75Stn","price":20,"sf":12,"primeattrID":"ATTR_8","combattechID":"CT_15","improvised":true,"url":"index.php/spitzhacke-2h-i.html","clsrng":true,"armed":true,"templateID":"ITEMTPL_175"},{"name":"Shakagra-Giftdolch","combattech":"Dolche","primeattr":"GE","threshold":14,"damage":"1W6","bonus":1,"at":0,"pa":0,"range":"kurz","weight":"0,4Stn","price":80,"sf":12,"primeattrID":"ATTR_6","combattechID":"CT_3","improvised":false,"url":"index.php/shakagra-giftdolch.html","clsrng":true,"armed":true},{"name":"Shakagra-Hammer","combattech":"Hiebwaffen","primeattr":"KK","threshold":14,"damage":"1W6","bonus":4,"at":0,"pa":-1,"range":"mittel","weight":"1,25Stn","price":175,"sf":12,"primeattrID":"ATTR_8","combattechID":"CT_5","improvised":false,"url":"index.php/shakagra-hammer.html","clsrng":true,"armed":true},{"name":"Shakagra-Buckler","combattech":"Schilde","primeattr":"KK","threshold":15,"damage":"1W6","at":-3,"pa":1,"range":"kurz","weight":"3Stn","price":250,"sf":12,"primeattrID":"ATTR_8","combattechID":"CT_10","improvised":false,"url":"index.php/shakagra-buckler.html","clsrng":true,"armed":true},{"name":"Shakagra-Langschild","combattech":"Schilde","primeattr":"KK","threshold":16,"damage":"1W6","bonus":1,"at":-5,"pa":3,"range":"kurz","weight":"5Stn","price":500,"sf":12,"primeattrID":"ATTR_8","combattechID":"CT_10","improvised":false,"url":"index.php/shakagra-langschild.html","clsrng":true,"armed":true},{"name":"Shakagra-Krummsäbel","combattech":"Schwerter","primeattr":"GE/KK","threshold":15,"damage":"1W6","bonus":4,"at":0,"pa":0,"range":"mittel","weight":"0,75Stn","price":200,"sf":12,"primeattrID":"ATTR_6/ATTR_8","combattechID":"CT_12","improvised":false,"url":"index.php/shakagra-krummsaebel.html","clsrng":true,"armed":true},{"name":"Shakagra-Schwert","combattech":"Schwerter","primeattr":"GE/KK","threshold":15,"damage":"1W6","bonus":5,"at":0,"pa":0,"range":"mittel","weight":"0,75Stn","price":200,"sf":12,"primeattrID":"ATTR_6/ATTR_8","combattechID":"CT_12","improvised":false,"url":"index.php/shakagra-schwert.html","clsrng":true,"armed":true},{"name":"Shakagra-Kriegshammer","combattech":"Zweihandhiebwaffen","primeattr":"KK","threshold":13,"damage":"2W6","bonus":3,"at":0,"pa":-3,"range":"mittel","weight":"2Stn","price":250,"sf":12,"primeattrID":"ATTR_8","combattechID":"CT_15","improvised":false,"url":"index.php/shakagra-kriegshammer-2h.html","clsrng":true,"armed":true},{"name":"Bannschwert,klein","combattech":"Dolche","primeattr":"GE","threshold":14,"damage":"1W6","bonus":1,"at":0,"pa":0,"range":"kurz","weight":"0,5Stn","price":45,"sf":12,"primeattrID":"ATTR_6","combattechID":"CT_3","improvised":false,"url":"index.php/bannschwert-klein.html","clsrng":true,"armed":true},{"name":"Bannschwert,mittel","combattech":"Schwerter","primeattr":"GE/KK","threshold":15,"damage":"1W6","bonus":4,"at":0,"pa":0,"range":"mittel","weight":"1Stn","price":200,"sf":12,"primeattrID":"ATTR_6/ATTR_8","combattechID":"CT_12","improvised":false,"url":"index.php/bannschwert-mittel.html","clsrng":true,"armed":true},{"name":"Bannschwert,groß","combattech":"Zweihandschwerter","primeattr":"KK","threshold":14,"damage":"2W6","bonus":4,"at":0,"pa":-3,"range":"mittel","weight":"2,5Stn","price":360,"sf":12,"primeattrID":"ATTR_8","combattechID":"CT_16","improvised":false,"url":"index.php/bannschwert-gross.html","clsrng":true,"armed":true},{"name":"Zauberkugel","combattech":"Zweihandhiebwaffen","primeattr":"KK","threshold":13,"damage":"1W6","bonus":1,"at":-1,"pa":-4,"range":"kurz","weight":"2Stn","price":30,"sf":12,"primeattrID":"ATTR_8","combattechID":"CT_15","improvised":false,"url":"index.php/zauberkugel-6550.html","clsrng":true,"armed":true},{"name":"Zauberstecken,kurz","combattech":"Hiebwaffen","primeattr":"KK","threshold":14,"damage":"1W6","bonus":1,"at":0,"pa":-1,"range":"kurz","weight":"0,75Stn","price":30,"sf":12,"primeattrID":"ATTR_8","combattechID":"CT_5","improvised":false,"url":"index.php/zauberstecken-kurz.html","clsrng":true,"armed":true},{"name":"Zauberstecken,mittel","combattech":"Hiebwaffen","primeattr":"KK","threshold":14,"damage":"1W6","bonus":2,"at":0,"pa":-1,"range":"mittel","weight":"0,75Stn","price":45,"sf":12,"primeattrID":"ATTR_8","combattechID":"CT_5","improvised":false,"url":"index.php/zauberstecken-mittel.html","clsrng":true,"armed":true},{"name":"Zauberstecken,lang","combattech":"Stangenwaffen","primeattr":"GE/KK","threshold":16,"damage":"1W6","bonus":2,"at":-1,"pa":2,"range":"lang","weight":"0,75Stn","price":60,"sf":12,"primeattrID":"ATTR_6/ATTR_8","combattechID":"CT_13","improvised":false,"url":"index.php/zauberstecken-lang-2h.html","clsrng":true,"armed":true},{"name":"Laute","combattech":"Hiebwaffen","primeattr":"KK","threshold":14,"damage":"1W6","bonus":1,"at":-1,"pa":-3,"range":"mittel","weight":"2Stn","price":150,"sf":12,"primeattrID":"ATTR_8","combattechID":"CT_5","improvised":true,"url":"index.php/laute-und-aehnliche-instrumente-i.html","clsrng":true,"armed":true},{"name":"Flöte","combattech":"Hiebwaffen","primeattr":"GE","threshold":14,"damage":"1W6","at":-1,"pa":-4,"range":"kurz","weight":"0,25Stn","price":2,"sf":12,"primeattrID":"ATTR_6","combattechID":"CT_5","improvised":true,"url":"index.php/floete-und-aehnliche-instrumente-i.html","clsrng":true,"armed":true},{"name":"Angbarer Sappeursaxt","combattech":"Hiebwaffen","primeattr":"KK","threshold":14,"damage":"1W6","bonus":3,"at":0,"pa":-2,"range":"mittel","weight":"1,25Stn","price":85,"sf":999,"primeattrID":"ATTR_8","combattechID":"CT_5","improvised":false,"url":"index.php/angbarer-sappeursaxt.html","clsrng":true,"armed":true},{"name":"Byakka","combattech":"Hiebwaffen","primeattr":"KK","threshold":14,"damage":"1W6","bonus":5,"at":0,"pa":-2,"range":"mittel","weight":"3,25Stn","price":90,"sf":999,"primeattrID":"ATTR_8","combattechID":"CT_5","improvised":false,"url":"index.php/byakka.html","clsrng":true,"armed":true},{"name":"Dornenkeule","combattech":"Hiebwaffen","primeattr":"KK","threshold":14,"damage":"1W6","bonus":4,"at":-1,"pa":-2,"range":"mittel","weight":"1Stn","price":13,"sf":999,"primeattrID":"ATTR_8","combattechID":"CT_5","improvised":false,"url":"index.php/dornenkeule.html","clsrng":true,"armed":true},{"name":"Elenviner Reiterhammer","combattech":"Hiebwaffen","primeattr":"KK","threshold":14,"damage":"1W6","bonus":4,"at":0,"pa":-1,"range":"mittel","weight":"2Stn","price":100,"sf":999,"primeattrID":"ATTR_8","combattechID":"CT_5","improvised":false,"url":"index.php/elenviner-reiterhammer.html","clsrng":true,"armed":true},{"name":"Fleischerbeil","combattech":"Hiebwaffen","primeattr":"KK","threshold":14,"damage":"1W6","bonus":3,"at":-1,"pa":-3,"range":"mittel","weight":"1Stn","price":25,"sf":999,"primeattrID":"ATTR_8","combattechID":"CT_5","improvised":true,"url":"index.php/fleischerbeil-i.html","clsrng":true,"armed":true,"templateID":"ITEMTPL_584"},{"name":"Knochenkeule","combattech":"Hiebwaffen","primeattr":"KK","threshold":14,"damage":"1W6","bonus":1,"at":0,"pa":-1,"range":"mittel","weight":"0,5Stn","price":0.6,"sf":999,"primeattrID":"ATTR_8","combattechID":"CT_5","improvised":false,"url":"index.php/knochenkeule.html","clsrng":true,"armed":true},{"name":"Senaloscher Sehnenschneider","combattech":"Hiebwaffen","primeattr":"KK","threshold":13,"damage":"1W6","bonus":3,"at":0,"pa":-1,"range":"mittel","weight":"2Stn","price":100,"sf":999,"primeattrID":"ATTR_8","combattechID":"CT_5","improvised":false,"url":"index.php/senaloscher-sehnenschneider.html","clsrng":true,"armed":true},{"name":"Lûrer Lindwurmschläger","combattech":"Hiebwaffen","primeattr":"KK","threshold":14,"damage":"1W6","bonus":4,"at":0,"pa":-1,"range":"mittel","weight":"1Stn","price":90,"sf":999,"primeattrID":"ATTR_8","combattechID":"CT_5","improvised":false,"url":"index.php/lurer-lindwurmschlaeger.html","clsrng":true,"armed":true},{"name":"Zwergenskraja","combattech":"Hiebwaffen","primeattr":"KK","threshold":13,"damage":"1W6","bonus":3,"at":0,"pa":-1,"range":"mittel","weight":"2Stn","price":100,"sf":999,"primeattrID":"ATTR_8","combattechID":"CT_5","improvised":false,"url":"index.php/zwergenskraja.html","clsrng":true,"armed":true,"templateID":"ITEMTPL_639"},{"name":"Charib’Yzz-Dolch","combattech":"Dolche","primeattr":"GE/KK","threshold":15,"damage":"1W6","bonus":3,"at":0,"pa":-1,"range":"mittel","weight":"2Stn","price":60,"sf":999,"primeattrID":"ATTR_6/ATTR_8","combattechID":"CT_3","improvised":false,"url":"index.php/Charib_Yzz-Dolch.html","clsrng":true,"armed":true},{"name":"Schneiderschere","combattech":"Dolche","primeattr":"GE/KK","threshold":16,"damage":"1W6","bonus":1,"at":-2,"pa":-3,"range":"kurz","weight":"0,3Stn","price":7,"sf":999,"primeattrID":"ATTR_6/ATTR_8","combattechID":"CT_3","improvised":true,"url":"index.php/schneiderschere-i.html","clsrng":true,"armed":true},{"name":"Federmesser","combattech":"Dolche","primeattr":"GE/KK","threshold":16,"damage":"1W6","bonus":1,"at":-1,"pa":-4,"range":"kurz","weight":"0,2Stn","price":3,"sf":999,"primeattrID":"ATTR_6/ATTR_8","combattechID":"CT_3","improvised":true,"url":"index.php/federmesser-i.html","clsrng":true,"armed":true,"templateID":"ITEMTPL_283"},{"name":"Elfendolch","combattech":"Dolche","primeattr":"GE","threshold":16,"damage":"1W6","bonus":1,"at":0,"pa":0,"range":"kurz","weight":"0,5Stn","price":100,"sf":999,"primeattrID":"ATTR_6","combattechID":"CT_3","improvised":false,"url":"index.php/elfendolch.html","clsrng":true,"armed":true,"templateID":"ITEMTPL_716"},{"name":"Langdolch","combattech":"Dolche","primeattr":"GE","threshold":14,"damage":"1W6","bonus":1,"at":0,"pa":0,"range":"kurz","weight":"0,5Stn","price":55,"sf":999,"primeattrID":"ATTR_6","combattechID":"CT_3","improvised":false,"url":"index.php/langdolch.html","clsrng":true,"armed":true},{"name":"Firunsmesser","combattech":"Dolche","primeattr":"GE","threshold":14,"damage":"1W6","bonus":1,"at":0,"pa":-2,"range":"kurz","weight":"0,5Stn","price":100,"sf":999,"primeattrID":"ATTR_6","combattechID":"CT_3","improvised":false,"url":"index.php/firunmesser.html","clsrng":true,"armed":true,"templateID":"ITEMTPL_511"},{"name":"Scheibendolch","combattech":"Dolche","primeattr":"GE","threshold":15,"damage":"1W6","bonus":2,"at":0,"pa":-3,"range":"kurz","weight":"1Stn","price":60,"sf":999,"primeattrID":"ATTR_6","combattechID":"CT_3","improvised":false,"url":"index.php/scheibendolch.html","clsrng":true,"armed":true},{"name":"Opferdolch","combattech":"Dolche","primeattr":"GE","threshold":14,"damage":"1W6","bonus":2,"at":0,"pa":-1,"range":"kurz","weight":"0,5Stn","price":50,"sf":999,"primeattrID":"ATTR_6","combattechID":"CT_3","improvised":false,"url":"index.php/opferdolch.html","clsrng":true,"armed":true},{"name":"Schere","combattech":"Dolche","primeattr":"GE/KK","threshold":15,"damage":"1W6","bonus":1,"at":-2,"pa":-4,"range":"kurz","weight":"0,25Stn","price":5,"sf":999,"primeattrID":"ATTR_6/ATTR_8","combattechID":"CT_3","improvised":true,"url":"index.php/schere.html","clsrng":true,"armed":true,"templateID":"ITEMTPL_171"},{"name":"Windhager Drachenmesser","combattech":"Dolche","primeattr":"GE","threshold":14,"damage":"1W6","bonus":2,"at":0,"pa":-1,"range":"kurz","weight":"0,75Stn","price":60,"sf":999,"primeattrID":"ATTR_6","combattechID":"CT_3","improvised":false,"url":"index.php/windhager-drachenmesser.html","clsrng":true,"armed":true,"templateID":"ITEMTPL_525"},{"name":"Schlachtermesser","combattech":"Dolche","primeattr":"","threshold":99,"damage":"1W6","bonus":2,"at":-1,"pa":-3,"range":"kurz","weight":"1Stn","price":40,"sf":999,"primeattrID":"","combattechID":"CT_3","improvised":true,"url":"index.php/schlachtermesser.html","clsrng":true,"armed":true,"templateID":"ITEMTPL_715"},{"name":"Aleeza","combattech":"Fechtwaffen","primeattr":"GE","threshold":16,"damage":"1W6","bonus":2,"at":1,"pa":1,"range":"mittel","weight":"0,5Stn","price":250,"sf":999,"primeattrID":"ATTR_6","combattechID":"CT_4","improvised":false,"url":"index.php/aleeza.html","clsrng":true,"armed":true,"templateID":"ITEMTPL_717"},{"name":"Degen","combattech":"Fechtwaffen","primeattr":"GE","threshold":15,"damage":"1W6","bonus":3,"at":0,"pa":1,"range":"mittel","weight":"0,75Stn","price":150,"sf":999,"primeattrID":"ATTR_6","combattechID":"CT_4","improvised":false,"url":"index.php/degen.html","clsrng":true,"armed":true,"templateID":"ITEMTPL_608"},{"name":"Magierdegen","combattech":"Fechtwaffen","primeattr":"GE","threshold":16,"damage":"1W6","bonus":2,"at":0,"pa":2,"range":"mittel","weight":"0,5Stn","price":250,"sf":999,"primeattrID":"ATTR_6","combattechID":"CT_4","improvised":false,"url":"index.php/magierdegen.html","clsrng":true,"armed":true},{"name":"Druidensichel","combattech":"Hiebwaffen","primeattr":"KK","threshold":15,"damage":"1W6","bonus":2,"at":-2,"pa":-2,"range":"kurz","weight":"0,5Stn","price":70,"sf":999,"primeattrID":"ATTR_8","combattechID":"CT_5","improvised":false,"url":"index.php/druidensichel.html","clsrng":true,"armed":true},{"name":"Handspiegel","combattech":"Hiebwaffen","primeattr":"KK","threshold":16,"damage":"1W6","bonus":1,"at":-2,"pa":-3,"range":"kurz","weight":"0,5Stn","price":60,"sf":999,"primeattrID":"ATTR_8","combattechID":"CT_5","improvised":true,"url":"index.php/handspiegel.html","clsrng":true,"armed":true,"templateID":"ITEMTPL_335"},{"name":"Holzhammer","combattech":"Hiebwaffen","primeattr":"KK","threshold":14,"damage":"1W6","bonus":2,"at":-1,"pa":-3,"range":"kurz","weight":"0,5Stn","price":3,"sf":999,"primeattrID":"ATTR_8","combattechID":"CT_5","improvised":true,"url":"index.php/holzhammer-i.html","clsrng":true,"armed":true},{"name":"Ingerimmshammer","combattech":"Hiebwaffen","primeattr":"KK","threshold":14,"damage":"1W6","bonus":3,"at":0,"pa":-2,"range":"mittel","weight":"0,5Stn","price":125,"sf":999,"primeattrID":"ATTR_8","combattechID":"CT_5","improvised":false,"url":"index.php/ingerimmshammer.html","clsrng":true,"armed":true,"templateID":"ITEMTPL_512"},{"name":"Oger-Keule","combattech":"Hiebwaffen","primeattr":"KK","threshold":22,"damage":"2W6","bonus":7,"at":0,"pa":0,"range":"lang","weight":"6Stn","price":10,"sf":999,"primeattrID":"ATTR_8","combattechID":"CT_5","improvised":false,"url":"index.php/oger-keule.html","clsrng":true,"armed":true},{"name":"Koscher Grevenstecken","combattech":"Hiebwaffen","primeattr":"KK","threshold":16,"damage":"1W3","bonus":1,"at":-1,"pa":-2,"range":"mittel","weight":"1,5Stn","price":18,"sf":999,"primeattrID":"ATTR_8","combattechID":"CT_5","improvised":true,"url":"index.php/holzhammer-i.html","clsrng":true,"armed":true},{"name":"Schmiedewerkzeug","combattech":"Hiebwaffen","primeattr":"KK","threshold":14,"damage":"1W6","bonus":3,"at":-1,"pa":-2,"range":"mittel","weight":"1,5Stn","price":999,"sf":999,"primeattrID":"ATTR_8","combattechID":"CT_5","improvised":true,"url":"index.php/schmiedewerkzeug-i.html","clsrng":true,"armed":true},{"name":"Shillelagh (Wurzelholzkeule)","combattech":"Hiebwaffen","primeattr":"KK","threshold":13,"damage":"1W6","bonus":2,"at":0,"pa":-2,"range":"mittel","weight":"1Stn","price":5,"sf":999,"primeattrID":"ATTR_8","combattechID":"CT_5","improvised":false,"url":"index.php/shillelagh-wurzelholzkeule.html","clsrng":true,"armed":true,"templateID":"ITEMTPL_526"},{"name":"Steinbeil","combattech":"Hiebwaffen","primeattr":"KK","threshold":14,"damage":"1W6","bonus":1,"at":-1,"pa":-2,"range":"mittel","weight":"0,5Stn","price":4,"sf":999,"primeattrID":"ATTR_8","combattechID":"CT_5","improvised":false,"url":"index.php/steinbeil.html","clsrng":true,"armed":true},{"name":"Steinhammer","combattech":"Hiebwaffen","primeattr":"KK","threshold":14,"damage":"1W6","bonus":2,"at":0,"pa":-3,"range":"mittel","weight":"1Stn","price":20,"sf":999,"primeattrID":"ATTR_8","combattechID":"CT_5","improvised":false,"url":"index.php/steinhammer.html","clsrng":true,"armed":true},{"name":"Torfgabel","combattech":"Hiebwaffen","primeattr":"KK","threshold":15,"damage":"1W6","bonus":3,"at":-1,"pa":-3,"range":"mittel","weight":"1Stn","price":25,"sf":999,"primeattrID":"ATTR_8","combattechID":"CT_5","improvised":false,"url":"index.php/torfgabel.html","clsrng":true,"armed":true,"templateID":"ITEMTPL_542"},{"name":"Yeti-Keule","combattech":"Hiebwaffen","primeattr":"KK","threshold":18,"damage":"2W6","bonus":7,"at":0,"pa":0,"range":"lang","weight":"5,5Stn","price":9,"sf":999,"primeattrID":"ATTR_8","combattechID":"CT_5","improvised":false,"url":"index.php/yeti-keule.html","clsrng":true,"armed":true}]
