[{"combattech":"Armbrüste","loadtime":"2","damage":"1W6","bonus":"4","range":{"close":"5","medium":"25","far":"40"},"ammo":"Kugeln","weight":"0","name":"Balestrina","price":"120","sf":"6","combattechID":"CT_1","url":"index.php/balestrina.html","clsrng":false,"armed":true,"improvised":false,"templateID":"ITEMTPL_57","primeattr":"FF","primeattrID":"ATTR_5"},{"combattech":"Armbrüste","loadtime":"2","damage":"1W6","bonus":"4","range":{"close":"10","medium":"50","far":"80"},"ammo":"Bolzen","weight":"3","name":"Eisenwalder","price":"500","sf":"6","combattechID":"CT_1","url":"index.php/eisenwalder.html","clsrng":false,"armed":true,"improvised":false,"templateID":"ITEMTPL_58","primeattr":"FF","primeattrID":"ATTR_5"},{"combattech":"Armbrüste","loadtime":"3","damage":"1W6","bonus":"3","range":{"close":"5","medium":"25","far":"40"},"ammo":"Bolzen","weight":"0","name":"Handarmbrust","price":"100","sf":"6","combattechID":"CT_1","url":"index.php/handarmbrust.html","clsrng":false,"armed":true,"improvised":false,"templateID":"ITEMTPL_59","primeattr":"FF","primeattrID":"ATTR_5"},{"combattech":"Armbrüste","loadtime":"8","damage":"1W6","bonus":"6","range":{"close":"10","medium":"50","far":"80"},"ammo":"Bolzen","weight":"3","name":"leichte Armbrust","price":"180","sf":"6","combattechID":"CT_1","url":"index.php/leichte-armbrust.html","clsrng":false,"armed":true,"improvised":false,"templateID":"ITEMTPL_60","primeattr":"FF","primeattrID":"ATTR_5"},{"combattech":"Armbrüste","loadtime":"15","damage":"2W6","bonus":"6","range":{"close":"20","medium":"100","far":"180"},"ammo":"Bolzen","weight":"7","name":"schwere Armbrust","price":"360","sf":"6","combattechID":"CT_1","url":"index.php/schwere-armbrust.html","clsrng":false,"armed":true,"improvised":false,"templateID":"ITEMTPL_61","primeattr":"FF","primeattrID":"ATTR_5"},{"combattech":"Bögen","loadtime":"1","damage":"1W6","bonus":"5","range":{"close":"50","medium":"100","far":"200"},"ammo":"Pfeile","weight":"0","name":"Elfenbogen","price":"400","sf":"4","combattechID":"CT_2","url":"index.php/elfenbogen.html","clsrng":false,"armed":true,"improvised":false,"templateID":"ITEMTPL_62","primeattr":"FF","primeattrID":"ATTR_5"},{"combattech":"Bögen","loadtime":"2","damage":"1W6","bonus":"7","range":{"close":"20","medium":"100","far":"160"},"ammo":"Pfeile","weight":"0","name":"Kompositbogen","price":"160","sf":"4","combattechID":"CT_2","url":"index.php/kompositbogen.html","clsrng":false,"armed":true,"improvised":false,"templateID":"ITEMTPL_63","primeattr":"FF","primeattrID":"ATTR_5"},{"combattech":"Bögen","loadtime":"1","damage":"1W6","bonus":"4","range":{"close":"10","medium":"50","far":"80"},"ammo":"Pfeile","weight":"0","name":"Kurzbogen","price":"45","sf":"4","combattechID":"CT_2","url":"index.php/kurzbogen.html","clsrng":false,"armed":true,"improvised":false,"templateID":"ITEMTPL_64","primeattr":"FF","primeattrID":"ATTR_5"},{"combattech":"Bögen","loadtime":"2","damage":"1W6","bonus":"8","range":{"close":"20","medium":"100","far":"160"},"ammo":"Pfeile","weight":"0","name":"Langbogen","price":"80","sf":"4","combattechID":"CT_2","url":"index.php/langbogen.html","clsrng":false,"armed":true,"improvised":false,"templateID":"ITEMTPL_65","primeattr":"FF","primeattrID":"ATTR_5"},{"combattech":"Wurfwaffen","loadtime":"1","damage":"1W6","bonus":"4","range":{"close":"2","medium":"10","far":"15"},"ammo":"-","weight":"1","name":"Schneidzahn","price":"80","sf":"10","combattechID":"CT_14","url":"index.php/schneidzahn.html","clsrng":false,"armed":true,"improvised":false,"templateID":"ITEMTPL_66","primeattr":"FF","primeattrID":"ATTR_5"},{"combattech":"Wurfwaffen","loadtime":"1","damage":"1W3","bonus":"","range":{"close":"2","medium":"4","far":"8"},"ammo":"-","weight":"1 Stn","name":"Stein","price":"0","sf":"10","combattechID":"CT_14","url":"index.php/apfel-stein.html","clsrng":false,"armed":true,"improvised":true,"templateID":"ITEMTPL_67","primeattr":"FF","primeattrID":"ATTR_5"},{"combattech":"Wurfwaffen","loadtime":"1","damage":"1W6","bonus":"3","range":{"close":"2","medium":"10","far":"15"},"ammo":"-","weight":"0","name":"Wurfbeil","price":"50","sf":"10","combattechID":"CT_14","url":"index.php/wurfbeil.html","clsrng":false,"armed":true,"improvised":false,"templateID":"ITEMTPL_68","primeattr":"FF","primeattrID":"ATTR_5"},{"combattech":"Wurfwaffen","loadtime":"1","damage":"1W6","bonus":"1","range":{"close":"2","medium":"10","far":"15"},"ammo":"-","weight":"0","name":"Wurfdolch","price":"45","sf":"10","combattechID":"CT_14","url":"index.php/wurfdolch.html","clsrng":false,"armed":true,"improvised":false,"templateID":"ITEMTPL_69","primeattr":"FF","primeattrID":"ATTR_5"},{"combattech":"Wurfwaffen","loadtime":"1","damage":"1W6","bonus":"2","range":{"close":"2","medium":"10","far":"15"},"ammo":"-","weight":"1","name":"Wurfkeule","price":"5","sf":"10","combattechID":"CT_14","url":"index.php/wurfkeule.html","clsrng":false,"armed":true,"improvised":false,"templateID":"ITEMTPL_70","primeattr":"FF","primeattrID":"ATTR_5"},{"combattech":"Wurfwaffen","loadtime":"1","damage":"1W6","bonus":"1","range":{"close":"2","medium":"10","far":"15"},"ammo":"-","weight":"0","name":"Wurfring","price":"30","sf":"10","combattechID":"CT_14","url":"index.php/wurfring-scheibe-stern.html","clsrng":false,"armed":true,"improvised":false,"templateID":"ITEMTPL_71","primeattr":"FF","primeattrID":"ATTR_5"},{"combattech":"Wurfwaffen","loadtime":"1","damage":"1W6","bonus":"1","range":{"close":"2","medium":"10","far":"15"},"ammo":"-","weight":"0","name":"Wurfscheibe","price":"30","sf":"10","combattechID":"CT_14","url":"index.php/wurfring-scheibe-stern.html","clsrng":false,"armed":true,"improvised":false,"templateID":"ITEMTPL_72","primeattr":"FF","primeattrID":"ATTR_5"},{"combattech":"Wurfwaffen","loadtime":"1","damage":"1W6","bonus":"1","range":{"close":"2","medium":"10","far":"15"},"ammo":"-","weight":"0","name":"Wurfstern","price":"30","sf":"10","combattechID":"CT_14","url":"index.php/wurfring-scheibe-stern.html","clsrng":false,"armed":true,"improvised":false,"templateID":"ITEMTPL_74","primeattr":"FF","primeattrID":"ATTR_5"},{"combattech":"Wurfwaffen","loadtime":"2","damage":"2W6","bonus":"2","range":{"close":"5","medium":"25","far":"40"},"ammo":"-","weight":"0","name":"Wurfspeer","price":"40","sf":"10","combattechID":"CT_14","url":"index.php/wurfspeer.html","clsrng":false,"armed":true,"improvised":false,"templateID":"ITEMTPL_73","primeattr":"FF","primeattrID":"ATTR_5"},{"combattech":"Bögen","loadtime":"2","damage":"1W6","bonus":"8","range":{"close":"20","medium":"120","far":"180"},"ammo":"Pfeile","weight":"1","name":"Nostrischer Langbogen","price":"100","sf":"4","combattechID":"CT_2","url":"index.php/nostrischer-langbogen.html","clsrng":false,"armed":true,"improvised":false,"templateID":"ITEMTPL_483","primeattr":"FF","primeattrID":"ATTR_5"},{"combattech":"Feuerspeien","loadtime":"1 Akt","damage":"1W6","bonus":"","range":{"close":"1","medium":"2","far":"3"},"ammo":"speziell","weight":"0 Stn","name":"Feuerspeien","price":"0","sf":"-","combattechID":"CT_17","clsrng":false,"armed":true,"improvised":false,"primeattr":"FF","primeattrID":"ATTR_5"},{"combattech":"Schleudern","loadtime":"2","damage":"1W6","bonus":"2","range":{"close":"5","medium":"25","far":"60"},"ammo":"Steine","weight":"0","name":"Schleuder","price":"5","sf":"4","combattechID":"CT_11","url":"index.php/schleuder.html","clsrng":false,"armed":true,"improvised":false,"templateID":"ITEMTPL_397","primeattr":"FF","primeattrID":"ATTR_5"},{"combattech":"Armbrüste","loadtime":"2","damage":"1W6","bonus":"3","range":{"close":"20","medium":"60","far":"100"},"ammo":"Kugel","weight":"0","name":"Balläster","price":"200","sf":"6","combattechID":"CT_1","url":"index.php/ballaester-armbrust.html","clsrng":false,"armed":true,"improvised":false,"templateID":"ITEMTPL_461","primeattr":"FF","primeattrID":"ATTR_5"},{"combattech":"Blasrohre","loadtime":"2","damage":"1W2","bonus":"","range":{"close":"5","medium":"20","far":"40"},"ammo":"Blasrohrpfeile","weight":"0","name":"Blasrohr","price":"40","sf":"10","combattechID":"CT_18","url":"index.php/blasrohr.html","clsrng":false,"armed":true,"improvised":false,"templateID":"ITEMTPL_462","primeattr":"FF","primeattrID":"ATTR_5"},{"combattech":"Diskusse","loadtime":"2","damage":"1W6","bonus":"2","range":{"close":"5","medium":"25","far":"40"},"ammo":"keine","weight":"0","name":"Diskus","price":"25","sf":"12","combattechID":"CT_19","url":"index.php/diskus.html","clsrng":false,"armed":true,"improvised":false,"templateID":"ITEMTPL_464","primeattr":"FF","primeattrID":"ATTR_5"},{"combattech":"Wurfwaffen","loadtime":"1","damage":"keine","bonus":"","range":{"close":"1","medium":"3","far":"5"},"ammo":"-","weight":"2","name":"Wurfnetz","price":"35","sf":"10","combattechID":"CT_14","url":"index.php/wurfnetz.html","clsrng":false,"armed":true,"improvised":false,"templateID":"ITEMTPL_465","primeattr":"FF","primeattrID":"ATTR_5"},{"combattech":"Wurfwaffen","loadtime":"1","damage":"1W3","bonus":"","range":{"close":"2","medium":"4","far":"8"},"ammo":"-","weight":"","name":"Apfel","price":"0","sf":"10","combattechID":"CT_14","url":"index.php/apfel-stein.html","clsrng":false,"armed":true,"improvised":true,"primeattr":"FF","primeattrID":"ATTR_5"},{"combattech":"Wurfwaffen","loadtime":"1 Akt","damage":"1W3","bonus":"","range":{"close":"2","medium":"4","far":"8"},"ammo":"","weight":"","name":"Steinchen","price":"0","sf":"10","combattechID":"CT_14","clsrng":false,"armed":true,"improvised":true,"templateID":"ITEMTPL_398","primeattr":"FF","primeattrID":"ATTR_5"},{"combattech":"Wurfwaffen","loadtime":"1","damage":"1W3","bonus":"1","range":{"close":"2","medium":"4","far":"8"},"ammo":"-","weight":"","name":"Bierkrug","price":"","sf":"10","combattechID":"CT_14","url":"index.php/bierkrug-i.html","clsrng":false,"armed":true,"improvised":true,"templateID":"ITEMTPL_162","primeattr":"FF","primeattrID":"ATTR_5"},{"combattech":"Wurfwaffen","loadtime":"1","damage":"1W3","bonus":"1","range":{"close":"2","medium":"4","far":"8"},"ammo":"-","weight":"","name":"Geschirr","price":"","sf":"10","combattechID":"CT_14","url":"index.php/geschirr-i.html","clsrng":false,"armed":true,"improvised":true,"primeattr":"FF","primeattrID":"ATTR_5"},{"combattech":"Wurfwaffen","loadtime":"1","damage":"1W3","bonus":"1","range":{"close":"2","medium":"4","far":"8"},"ammo":"-","weight":"2 Stn","name":"Vase","price":"1","sf":"10","combattechID":"CT_14","url":"index.php/vase-i.html","clsrng":false,"armed":true,"improvised":true,"templateID":"ITEMTPL_215","primeattr":"FF","primeattrID":"ATTR_5"},{"combattech":"Wurfwaffen","loadtime":"1","damage":"1W6","bonus":"1","range":{"close":"3","medium":"6","far":"9"},"ammo":"","weight":"2","name":"Zauberkugel","price":"30","sf":"10","combattechID":"CT_14","url":"index.php/zauberkugel-6550.html","clsrng":false,"armed":true,"improvised":true,"primeattr":"FF","primeattrID":"ATTR_5"},{"combattech":"Bögen","loadtime":"2","damage":"1W6","bonus":"8","range":{"close":"20","medium":"100","far":"160"},"ammo":"Pfeile","weight":"0","name":"Albernischer Langbogen","price":"80","combattechID":"CT_2","url":"index.php/albernischer-langbogen.html","clsrng":false,"armed":true,"improvised":false,"templateID":"ITEMTPL_538","primeattr":"FF","primeattrID":"ATTR_5"},{"combattech":"Bögen","loadtime":"1","damage":"1W6","bonus":"3","range":{"close":"10","medium":"50","far":"80"},"ammo":"Pfeile","weight":"0","name":"Koscher Kurzbogen","price":"45","combattechID":"CT_2","url":"index.php/koscher-kurzbogen.html","clsrng":false,"armed":true,"improvised":false,"primeattr":"FF","primeattrID":"ATTR_5"},{"combattech":"Bögen","loadtime":"2","damage":"1W6","bonus":"8","range":{"close":"25","medium":"50","far":"100"},"ammo":"Pfeile","weight":"1","name":"Kriegsbogen","price":"100","combattechID":"CT_2","url":"index.php/kriegsbogen.html","clsrng":false,"armed":true,"improvised":false,"primeattr":"FF","primeattrID":"ATTR_5"},{"combattech":"Armbrüste","loadtime":"1","damage":"1W6","bonus":"2","range":{"close":"10","medium":"30","far":"50"},"ammo":"Bolzen","weight":"3","name":"Angbarer Mauerwehr","price":"350","combattechID":"CT_1","url":"index.php/angbarer-mauerwehr.html","clsrng":false,"armed":true,"improvised":false,"primeattr":"FF","primeattrID":"ATTR_5"},{"combattech":"Armbrüste","loadtime":"4","damage":"2W6","bonus":"2","range":{"close":"10","medium":"35","far":"60"},"ammo":"Kugeln","weight":"2","name":"Balestra","price":"200","combattechID":"CT_1","url":"index.php/balestra.html","clsrng":false,"armed":true,"improvised":false,"templateID":"ITEMTPL_671","primeattr":"FF","primeattrID":"ATTR_5"},{"combattech":"Armbrüste","loadtime":"2","damage":"1W6","bonus":"3","range":{"close":"20","medium":"60","far":"100"},"ammo":"Kugel","weight":"0","name":"Balläster-Armbrust","price":"200","combattechID":"CT_1","url":"index.php/ballaester-armbrust.html","clsrng":false,"armed":true,"improvised":false,"templateID":"ITEMTPL_461","primeattr":"FF","primeattrID":"ATTR_5"},{"combattech":"Armbrüste","loadtime":"10","damage":"2W6","bonus":"2","range":{"close":"15","medium":"75","far":"120"},"ammo":"Bolzen","weight":"1","name":"Isenhager Armbrust","price":"100","combattechID":"CT_1","url":"index.php/isenhager-armbrust.html","clsrng":false,"armed":true,"improvised":false,"primeattr":"FF","primeattrID":"ATTR_5"},{"combattech":"Armbrüste","loadtime":"50","damage":"3W20","bonus":"3","range":{"close":"50","medium":"200","far":"800"},"ammo":"Felsbrocken","name":"Mittelschwere Rotze","price":"8","combattechID":"CT_1","url":"index.php/mittelschwere-rotze.html","clsrng":false,"armed":true,"improvised":false,"primeattr":"FF","primeattrID":"ATTR_5"},{"combattech":"Armbrüste","loadtime":"14","damage":"2W6","bonus":"6","range":{"close":"15","medium":"75","far":"120"},"ammo":"Bolzen","weight":"6","name":"Waldwachter Armbrust","price":"400","combattechID":"CT_1","url":"index.php/waldwachter-armbrust.html","clsrng":false,"armed":true,"improvised":false,"primeattr":"FF","primeattrID":"ATTR_5"},{"combattech":"Armbrüste","loadtime":"25","damage":"2W6","bonus":"6","range":{"close":"25","medium":"100","far":"200"},"ammo":"Bolzen","weight":"7","name":"Windenarmbrust","price":"450","combattechID":"CT_1","url":"index.php/windenarmbrust.html","clsrng":false,"armed":true,"improvised":false,"primeattr":"FF","primeattrID":"ATTR_5"},{"combattech":"Schleudern","loadtime":"2","damage":"speziell","range":{"close":"2","medium":"4","far":"8"},"ammo":"-","weight":"1","name":"Fledermaus","price":"120","combattechID":"CT_11","url":"index.php/fledermaus.html","clsrng":false,"armed":true,"improvised":false,"primeattr":"FF","primeattrID":"ATTR_5"},{"combattech":"Schleudern","loadtime":"2","damage":"1W6","bonus":"3","range":{"close":"10","medium":"20","far":"60"},"ammo":"-","weight":"1","name":"Stabschleuder","price":"15","combattechID":"CT_11","url":"index.php/stabschleuder.html","clsrng":false,"armed":true,"improvised":false,"primeattr":"FF","primeattrID":"ATTR_5"},{"combattech":"Schleudern","loadtime":"2","damage":"1W6","bonus":"2","range":{"close":"5","medium":"25","far":"60"},"ammo":"Steine","weight":"0","name":"Windhager Schleuder","price":"5","combattechID":"CT_11","url":"index.php/windhager-schleuder.html","clsrng":false,"armed":true,"improvised":false,"templateID":"ITEMTPL_539","primeattr":"FF","primeattrID":"ATTR_5"},{"combattech":"Wurfwaffen","loadtime":"1","damage":"1W6","bonus":"2","range":{"close":"2","medium":"10","far":"15"},"ammo":"-","weight":"0","name":"Borndorn","price":"65","combattechID":"CT_14","url":"index.php/borndorn.html","clsrng":false,"armed":true,"improvised":false,"templateID":"ITEMTPL_672","primeattr":"FF","primeattrID":"ATTR_5"},{"combattech":"Wurfwaffen","loadtime":"2","damage":"1W6","bonus":"3","range":{"close":"2","medium":"10","far":"15"},"ammo":"-","weight":"2","name":"Efferdbart","price":"100","combattechID":"CT_14","url":"index.php/efferdbart-2h.html","clsrng":false,"armed":true,"improvised":false,"templateID":"ITEMTPL_519","primeattr":"FF","primeattrID":"ATTR_5"},{"combattech":"Wurfwaffen","loadtime":"1","damage":"1W6","bonus":"5","range":{"close":"2","medium":"10","far":"25"},"ammo":"-","weight":"1","name":"Gaoraith (Albernisches Wurfbeil)","price":"100","combattechID":"CT_14","url":"index.php/gaoraith-albernisches-wurfbeil.html","clsrng":false,"armed":true,"improvised":false,"templateID":"ITEMTPL_540","primeattr":"FF","primeattrID":"ATTR_5"},{"combattech":"Wurfwaffen","loadtime":"2","damage":"speziell","range":{"close":"2","medium":"4","far":"8"},"ammo":"-","weight":"1","name":"Granatapfel","price":"120","combattechID":"CT_14","url":"index.php/fledermaus.html","clsrng":false,"armed":true,"improvised":true,"primeattr":"FF","primeattrID":"ATTR_5"},{"combattech":"Wurfwaffen","loadtime":"1","damage":"1W3","range":{"close":"4","medium":"8","far":"16"},"ammo":"-","weight":"0","name":"Jonglierball","price":"0","combattechID":"CT_14","url":"index.php/jonglierball-i.html","clsrng":false,"armed":true,"improvised":true,"templateID":"ITEMTPL_336","primeattr":"FF","primeattrID":"ATTR_5"},{"combattech":"Wurfwaffen","loadtime":"1","damage":"1W3","bonus":"1","range":{"close":"2","medium":"4","far":"6"},"ammo":"-","weight":"0","name":"Jonglierball mit Gewichten","price":"0","combattechID":"CT_14","url":"index.php/jonglierball-mit-gewichten-i.html","clsrng":false,"armed":true,"improvised":true,"primeattr":"FF","primeattrID":"ATTR_5"},{"combattech":"Wurfwaffen","loadtime":"1","damage":"1W6","bonus":"1","range":{"close":"3","medium":"6","far":"9"},"weight":"2","name":"Magierkugel","price":"30","combattechID":"CT_14","url":"index.php/magierkugel-7527.html","clsrng":false,"armed":true,"improvised":true,"primeattr":"FF","primeattrID":"ATTR_5"},{"combattech":"Wurfwaffen","loadtime":"1","damage":"1W6","bonus":"1","range":{"close":"2","medium":"5","far":"10"},"ammo":"-","weight":"0","name":"Wurfmesser","price":"30","combattechID":"CT_14","url":"index.php/wurfmesser.html","clsrng":false,"armed":true,"improvised":false,"primeattr":"FF","primeattrID":"ATTR_5"}]
