[{"attrID":"TAL_1","name":"Fliegen","class":"Körpertalente","classID":1,"ab1":"ATTR_1","ab2":"ATTR_3","ab3":"ATTR_6"},{"attrID":"TAL_2","name":"Gaukeleien","class":"Körpertalente","classID":1,"ab1":"ATTR_1","ab2":"ATTR_4","ab3":"ATTR_5"},{"attrID":"TAL_3","name":"Klettern","class":"Körpertalente","classID":1,"ab1":"ATTR_1","ab2":"ATTR_6","ab3":"ATTR_8"},{"attrID":"TAL_4","name":"Körperbeherrschung","class":"Körpertalente","classID":1,"ab1":"ATTR_6","ab2":"ATTR_6","ab3":"ATTR_7"},{"attrID":"TAL_5","name":"Kraftakt","class":"Körpertalente","classID":1,"ab1":"ATTR_7","ab2":"ATTR_8","ab3":"ATTR_8"},{"attrID":"TAL_6","name":"Reiten","class":"Körpertalente","classID":1,"ab1":"ATTR_4","ab2":"ATTR_6","ab3":"ATTR_8"},{"attrID":"TAL_7","name":"Schwimmen","class":"Körpertalente","classID":1,"ab1":"ATTR_6","ab2":"ATTR_7","ab3":"ATTR_8"},{"attrID":"TAL_8","name":"Selbstbeherrschung","class":"Körpertalente","classID":1,"ab1":"ATTR_1","ab2":"ATTR_1","ab3":"ATTR_7"},{"attrID":"TAL_9","name":"Singen","class":"Körpertalente","classID":1,"ab1":"ATTR_2","ab2":"ATTR_4","ab3":"ATTR_7"},{"attrID":"TAL_10","name":"Sinnesschärfe","class":"Körpertalente","classID":1,"ab1":"ATTR_2","ab2":"ATTR_3","ab3":"ATTR_3"},{"attrID":"TAL_11","name":"Tanzen","class":"Körpertalente","classID":1,"ab1":"ATTR_2","ab2":"ATTR_4","ab3":"ATTR_6"},{"attrID":"TAL_12","name":"Taschendiebstahl","class":"Körpertalente","classID":1,"ab1":"ATTR_1","ab2":"ATTR_5","ab3":"ATTR_6"},{"attrID":"TAL_13","name":"Verbergen","class":"Körpertalente","classID":1,"ab1":"ATTR_1","ab2":"ATTR_3","ab3":"ATTR_6"},{"attrID":"TAL_14","name":"Zechen","class":"Körpertalente","classID":1,"ab1":"ATTR_2","ab2":"ATTR_7","ab3":"ATTR_8"},{"attrID":"TAL_15","name":"Bekehren & Überzeugen","class":"Gesellschaftstalente","classID":2,"ab1":"ATTR_1","ab2":"ATTR_2","ab3":"ATTR_4"},{"attrID":"TAL_16","name":"Betören","class":"Gesellschaftstalente","classID":2,"ab1":"ATTR_1","ab2":"ATTR_4","ab3":"ATTR_4"},{"attrID":"TAL_17","name":"Einschüchtern","class":"Gesellschaftstalente","classID":2,"ab1":"ATTR_1","ab2":"ATTR_3","ab3":"ATTR_4"},{"attrID":"TAL_18","name":"Etikette","class":"Gesellschaftstalente","classID":2,"ab1":"ATTR_1","ab2":"ATTR_3","ab3":"ATTR_4"},{"attrID":"TAL_19","name":"Gassenwissen","class":"Gesellschaftstalente","classID":2,"ab1":"ATTR_2","ab2":"ATTR_3","ab3":"ATTR_4"},{"attrID":"TAL_20","name":"Menschenkenntnis","class":"Gesellschaftstalente","classID":2,"ab1":"ATTR_2","ab2":"ATTR_3","ab3":"ATTR_4"},{"attrID":"TAL_21","name":"Überreden","class":"Gesellschaftstalente","classID":2,"ab1":"ATTR_1","ab2":"ATTR_3","ab3":"ATTR_4"},{"attrID":"TAL_22","name":"Verkleiden","class":"Gesellschaftstalente","classID":2,"ab1":"ATTR_3","ab2":"ATTR_4","ab3":"ATTR_6"},{"attrID":"TAL_23","name":"Willenskraft","class":"Gesellschaftstalente","classID":2,"ab1":"ATTR_1","ab2":"ATTR_3","ab3":"ATTR_4"},{"attrID":"TAL_24","name":"Fährtensuchen","class":"Naturtalente","classID":3,"ab1":"ATTR_1","ab2":"ATTR_3","ab3":"ATTR_6"},{"attrID":"TAL_25","name":"Fesseln","class":"Naturtalente","classID":3,"ab1":"ATTR_2","ab2":"ATTR_5","ab3":"ATTR_8"},{"attrID":"TAL_26","name":"Fischen & Angeln","class":"Naturtalente","classID":3,"ab1":"ATTR_5","ab2":"ATTR_6","ab3":"ATTR_7"},{"attrID":"TAL_27","name":"Orientierung","class":"Naturtalente","classID":3,"ab1":"ATTR_2","ab2":"ATTR_3","ab3":"ATTR_3"},{"attrID":"TAL_28","name":"Pflanzenkunde","class":"Naturtalente","classID":3,"ab1":"ATTR_2","ab2":"ATTR_5","ab3":"ATTR_7"},{"attrID":"TAL_29","name":"Tierkunde","class":"Naturtalente","classID":3,"ab1":"ATTR_1","ab2":"ATTR_1","ab3":"ATTR_4"},{"attrID":"TAL_30","name":"Wildnisleben","class":"Naturtalente","classID":3,"ab1":"ATTR_1","ab2":"ATTR_6","ab3":"ATTR_7"},{"attrID":"TAL_31","name":"Brett- & Glückspiel","class":"Wissenstalente","classID":4,"ab1":"ATTR_2","ab2":"ATTR_2","ab3":"ATTR_3"},{"attrID":"TAL_32","name":"Geographie","class":"Wissenstalente","classID":4,"ab1":"ATTR_2","ab2":"ATTR_2","ab3":"ATTR_3"},{"attrID":"TAL_33","name":"Geschichtswissen","class":"Wissenstalente","classID":4,"ab1":"ATTR_2","ab2":"ATTR_2","ab3":"ATTR_3"},{"attrID":"TAL_34","name":"Götter & Kulte","class":"Wissenstalente","classID":4,"ab1":"ATTR_2","ab2":"ATTR_2","ab3":"ATTR_3"},{"attrID":"TAL_35","name":"Kriegskunst","class":"Wissenstalente","classID":4,"ab1":"ATTR_1","ab2":"ATTR_2","ab3":"ATTR_3"},{"attrID":"TAL_36","name":"Magiekunde","class":"Wissenstalente","classID":4,"ab1":"ATTR_2","ab2":"ATTR_2","ab3":"ATTR_3"},{"attrID":"TAL_37","name":"Mechanik","class":"Wissenstalente","classID":4,"ab1":"ATTR_2","ab2":"ATTR_2","ab3":"ATTR_5"},{"attrID":"TAL_38","name":"Rechnen","class":"Wissenstalente","classID":4,"ab1":"ATTR_2","ab2":"ATTR_2","ab3":"ATTR_3"},{"attrID":"TAL_39","name":"Rechtskunde","class":"Wissenstalente","classID":4,"ab1":"ATTR_2","ab2":"ATTR_2","ab3":"ATTR_3"},{"attrID":"TAL_40","name":"Sagen & Legenden","class":"Wissenstalente","classID":4,"ab1":"ATTR_2","ab2":"ATTR_2","ab3":"ATTR_3"},{"attrID":"TAL_41","name":"Sphärenkunde","class":"Wissenstalente","classID":4,"ab1":"ATTR_2","ab2":"ATTR_2","ab3":"ATTR_3"},{"attrID":"TAL_42","name":"Sternkunde","class":"Wissenstalente","classID":4,"ab1":"ATTR_2","ab2":"ATTR_2","ab3":"ATTR_3"},{"attrID":"TAL_43","name":"Alchimie","class":"Handwerkstalente","classID":5,"ab1":"ATTR_1","ab2":"ATTR_2","ab3":"ATTR_5"},{"attrID":"TAL_44","name":"Boote & Schiffe","class":"Handwerkstalente","classID":5,"ab1":"ATTR_5","ab2":"ATTR_6","ab3":"ATTR_8"},{"attrID":"TAL_45","name":"Fahrzeuge","class":"Handwerkstalente","classID":5,"ab1":"ATTR_4","ab2":"ATTR_5","ab3":"ATTR_7"},{"attrID":"TAL_46","name":"Handel","class":"Handwerkstalente","classID":5,"ab1":"ATTR_2","ab2":"ATTR_3","ab3":"ATTR_4"},{"attrID":"TAL_47","name":"Heilkunde Gift","class":"Handwerkstalente","classID":5,"ab1":"ATTR_1","ab2":"ATTR_2","ab3":"ATTR_3"},{"attrID":"TAL_48","name":"Heilkunde Krankheiten","class":"Handwerkstalente","classID":5,"ab1":"ATTR_1","ab2":"ATTR_3","ab3":"ATTR_7"},{"attrID":"TAL_49","name":"Heilkunde Seele","class":"Handwerkstalente","classID":5,"ab1":"ATTR_3","ab2":"ATTR_4","ab3":"ATTR_7"},{"attrID":"TAL_50","name":"Heilkunde Wunden","class":"Handwerkstalente","classID":5,"ab1":"ATTR_2","ab2":"ATTR_5","ab3":"ATTR_5"},{"attrID":"TAL_51","name":"Holzbearbeitung","class":"Handwerkstalente","classID":5,"ab1":"ATTR_5","ab2":"ATTR_6","ab3":"ATTR_8"},{"attrID":"TAL_52","name":"Lebensmittelbearbeitung","class":"Handwerkstalente","classID":5,"ab1":"ATTR_3","ab2":"ATTR_5","ab3":"ATTR_5"},{"attrID":"TAL_53","name":"Lederbearbeitung","class":"Handwerkstalente","classID":5,"ab1":"ATTR_5","ab2":"ATTR_6","ab3":"ATTR_7"},{"attrID":"TAL_54","name":"Malen & Zeichnen","class":"Handwerkstalente","classID":5,"ab1":"ATTR_3","ab2":"ATTR_5","ab3":"ATTR_5"},{"attrID":"TAL_55","name":"Metallbearbeitung","class":"Handwerkstalente","classID":5,"ab1":"ATTR_5","ab2":"ATTR_7","ab3":"ATTR_8"},{"attrID":"TAL_56","name":"Musizieren","class":"Handwerkstalente","classID":5,"ab1":"ATTR_4","ab2":"ATTR_5","ab3":"ATTR_7"},{"attrID":"TAL_57","name":"Schlösserknacken","class":"Handwerkstalente","classID":5,"ab1":"ATTR_3","ab2":"ATTR_5","ab3":"ATTR_5"},{"attrID":"TAL_58","name":"Steinbearbeitung","class":"Handwerkstalente","classID":5,"ab1":"ATTR_5","ab2":"ATTR_5","ab3":"ATTR_8"},{"attrID":"TAL_59","name":"Stoffbearbeitung","class":"Handwerkstalente","classID":5,"ab1":"ATTR_2","ab2":"ATTR_5","ab3":"ATTR_5"}]
