[
    {
        "url": "index.php/3736.html",
        "name": "Ablativum",
        "spelltype": "spell",
        "ab1": "ATTR_1",
        "ab2": "ATTR_2",
        "ab3": "ATTR_4",
        "attrID": "SPELL_89",
        "class": "Magic Skill",
        "classID": 6
    },
    {
        "url": "-",
        "name": "Abvenenum",
        "spelltype": "spell",
        "ab1": "ATTR_2",
        "ab2": "ATTR_3",
        "ab3": "ATTR_5",
        "attrID": "SPELL_90",
        "class": "Magic Skill",
        "classID": 6
    },
    {
        "url": "index.php/eagle-eye.html",
        "name": "Eagle Eye",
        "spelltype": "spell",
        "ab1": "ATTR_2",
        "ab2": "ATTR_3",
        "ab3": "ATTR_5",
        "attrID": "SPELL_1",
        "class": "Magic Skill",
        "classID": 6
    },
    {
        "url": "index.php/-.html",
        "name": "Eagle Wings",
        "spelltype": "spell",
        "ab1": "ATTR_1",
        "ab2": "ATTR_3",
        "ab3": "ATTR_6",
        "attrID": "SPELL_91",
        "class": "Magic Skill",
        "classID": 6
    },
    {
        "url": "index.php/-.html",
        "name": "Aeolito",
        "spelltype": "spell",
        "ab1": "ATTR_2",
        "ab2": "ATTR_4",
        "ab3": "ATTR_7",
        "attrID": "SPELL_92",
        "modagainst": "ZK",
        "class": "Magic Skill",
        "classID": 6
    },
    {
        "url": "index.php/-.html",
        "name": "(Affenarme)",
        "spelltype": "spell",
        "ab1": "ATTR_1",
        "ab2": "ATTR_2",
        "ab3": "ATTR_4",
        "attrID": "SPELL_234",
        "class": "Magic Skill",
        "classID": 6
    },
    {
        "url": "index.php/-.html",
        "name": "(Affenruf)",
        "spelltype": "spell",
        "ab1": "ATTR_1",
        "ab2": "ATTR_4",
        "ab3": "ATTR_4",
        "attrID": "SPELL_235",
        "class": "Magic Skill",
        "classID": 6
    },
    {
        "url": "index.php/-.html",
        "name": "Nightmare Shape",
        "spelltype": "spell",
        "ab1": "ATTR_1",
        "ab2": "ATTR_4",
        "ab3": "ATTR_6",
        "attrID": "SPELL_93",
        "modagainst": "SK",
        "class": "Magic Skill",
        "classID": 6
    },
    {
        "url": "index.php/-.html",
        "name": "Altisonus",
        "spelltype": "spell",
        "ab1": "ATTR_1",
        "ab2": "ATTR_4",
        "ab3": "ATTR_7",
        "attrID": "SPELL_94",
        "class": "Magic Skill",
        "classID": 6
    },
    {
        "url": "index.php/analyze-arcane-structure.html",
        "name": "Analyze Arcane Structure",
        "spelltype": "spell",
        "ab1": "ATTR_2",
        "ab2": "ATTR_2",
        "ab3": "ATTR_3",
        "attrID": "SPELL_2",
        "class": "Magic Skill",
        "classID": 6
    },
    {
        "url": "index.php/-.html",
        "name": "Trigger Fear",
        "spelltype": "spell",
        "ab1": "ATTR_1",
        "ab2": "ATTR_4",
        "ab3": "ATTR_6",
        "attrID": "SPELL_95",
        "class": "Magic Skill",
        "classID": 6
    },
    {
        "url": "index.php/-.html",
        "name": "Aquafaxius",
        "spelltype": "spell",
        "ab1": "ATTR_1",
        "ab2": "ATTR_2",
        "ab3": "ATTR_4",
        "attrID": "N/A",
        "class": "Magic Skill",
        "classID": 6
    },
    {
        "url": "index.php/-.html",
        "name": "Aquasphaero",
        "spelltype": "spell",
        "ab1": "ATTR_1",
        "ab2": "ATTR_2",
        "ab3": "ATTR_7",
        "attrID": "N/A",
        "class": "Magic Skill",
        "classID": 6
    },
    {
        "url": "index.php/-.html",
        "name": "Arachnea",
        "spelltype": "spell",
        "ab1": "ATTR_1",
        "ab2": "ATTR_3",
        "ab3": "ATTR_4",
        "attrID": "SPELL_236",
        "class": "Magic Skill",
        "classID": 6
    },
    {
        "url": "index.php/-.html",
        "name": "Archofaxius",
        "spelltype": "spell",
        "ab1": "ATTR_1",
        "ab2": "ATTR_2",
        "ab3": "ATTR_4",
        "attrID": "SPELL_96",
        "class": "Magic Skill",
        "classID": 6
    },
    {
        "url": "index.php/-.html",
        "name": "Archosphaero",
        "spelltype": "spell",
        "ab1": "ATTR_1",
        "ab2": "ATTR_2",
        "ab3": "ATTR_7",
        "attrID": "SPELL_97",
        "class": "Magic Skill",
        "classID": 6
    },
    {
        "url": "index.php/3749.html",
        "name": "Armatrutz",
        "spelltype": "spell",
        "ab1": "ATTR_2",
        "ab2": "ATTR_3",
        "ab3": "ATTR_5",
        "attrID": "SPELL_3",
        "class": "Magic Skill",
        "classID": 6
    },
    {
        "url": "index.php/-.html",
        "name": "Aromatis Illusionis",
        "spelltype": "spell",
        "ab1": "ATTR_2",
        "ab2": "ATTR_3",
        "ab3": "ATTR_4",
        "attrID": "SPELL_98",
        "class": "Magic Skill",
        "classID": 6
    },
    {
        "url": "index.php/-.html",
        "name": "(Atemnot)",
        "spelltype": "spell",
        "ab1": "ATTR_2",
        "ab2": "ATTR_4",
        "ab3": "ATTR_7",
        "attrID": "SPELL_69",
        "modagainst": "ZK",
        "class": "Magic Skill",
        "classID": 6
    },
    {
        "url": "index.php/-.html",
        "name": "Attributo (Charisma)",
        "spelltype": "spell",
        "ab1": "ATTR_2",
        "ab2": "ATTR_3",
        "ab3": "ATTR_4",
        "attrID": "SPELL_99",
        "class": "Magic Skill",
        "classID": 6
    },
    {
        "url": "index.php/-.html",
        "name": "Attributo (Dexterity)",
        "spelltype": "spell",
        "ab1": "ATTR_2",
        "ab2": "ATTR_3",
        "ab3": "ATTR_5",
        "attrID": "SPELL_100",
        "class": "Magic Skill",
        "classID": 6
    },
    {
        "url": "index.php/-.html",
        "name": "Attributo (Agility)",
        "spelltype": "spell",
        "ab1": "ATTR_2",
        "ab2": "ATTR_3",
        "ab3": "ATTR_6",
        "attrID": "SPELL_237",
        "class": "Magic Skill",
        "classID": 6
    },
    {
        "url": "index.php/-.html",
        "name": "Attributo (Intuition)",
        "spelltype": "spell",
        "ab1": "ATTR_2",
        "ab2": "ATTR_3",
        "ab3": "ATTR_3",
        "attrID": "SPELL_238",
        "class": "Magic Skill",
        "classID": 6
    },
    {
        "url": "index.php/-.html",
        "name": "Attributo (Sagacity)",
        "spelltype": "spell",
        "ab1": "ATTR_2",
        "ab2": "ATTR_2",
        "ab3": "ATTR_3",
        "attrID": "SPELL_101",
        "class": "Magic Skill",
        "classID": 6
    },
    {
        "url": "index.php/-.html",
        "name": "Attributo (Constitution)",
        "spelltype": "spell",
        "ab1": "ATTR_2",
        "ab2": "ATTR_3",
        "ab3": "ATTR_7",
        "attrID": "SPELL_240",
        "class": "Magic Skill",
        "classID": 6
    },
    {
        "url": "index.php/-.html",
        "name": "Attributo (Strength)",
        "spelltype": "spell",
        "ab1": "ATTR_2",
        "ab2": "ATTR_3",
        "ab3": "ATTR_8",
        "attrID": "SPELL_70",
        "class": "Magic Skill",
        "classID": 6
    },
    {
        "url": "index.php/-.html",
        "name": "Attributo (Courage)",
        "spelltype": "spell",
        "ab1": "ATTR_2",
        "ab2": "ATTR_2",
        "ab3": "ATTR_3",
        "attrID": "SPELL_239",
        "class": "Magic Skill",
        "classID": 6
    },
    {
        "url": "index.php/-.html",
        "name": "Awaken",
        "spelltype": "spell",
        "ab1": "ATTR_1",
        "ab2": "ATTR_3",
        "ab3": "ATTR_4",
        "attrID": "SPELL_102",
        "class": "Magic Skill",
        "classID": 6
    },
    {
        "url": "index.php/-.html",
        "name": "Eye of Limbo",
        "spelltype": "spell",
        "ab1": "ATTR_1",
        "ab2": "ATTR_3",
        "ab3": "ATTR_8",
        "attrID": "SPELL_103",
        "class": "Magic Skill",
        "classID": 6
    },
    {
        "url": "index.php/-.html",
        "name": "(Aura der Erschöpfung)",
        "spelltype": "spell",
        "ab1": "ATTR_1",
        "ab2": "ATTR_2",
        "ab3": "ATTR_4",
        "attrID": "N/A",
        "class": "Magic Skill",
        "classID": 6
    },
    {
        "url": "index.php/-.html",
        "name": "Aureolus",
        "spelltype": "spell",
        "ab1": "ATTR_3",
        "ab2": "ATTR_4",
        "ab3": "ATTR_5",
        "attrID": "SPELL_104",
        "class": "Magic Skill",
        "classID": 6
    },
    {
        "url": "index.php/-.html",
        "name": "Auris Illusionis",
        "spelltype": "spell",
        "ab1": "ATTR_2",
        "ab2": "ATTR_3",
        "ab3": "ATTR_4",
        "attrID": "SPELL_105",
        "class": "Magic Skill",
        "classID": 6
    },
    {
        "url": "index.php/-.html",
        "name": "Avilea",
        "spelltype": "spell",
        "ab1": "ATTR_1",
        "ab2": "ATTR_3",
        "ab3": "ATTR_4",
        "attrID": "SPELL_241",
        "class": "Magic Skill",
        "classID": 6
    },
    {
        "url": "index.php/3759.html",
        "name": "Axxeleratus",
        "spelltype": "spell",
        "ab1": "ATTR_2",
        "ab2": "ATTR_3",
        "ab3": "ATTR_5",
        "attrID": "SPELL_4",
        "class": "Magic Skill",
        "classID": 6
    },
    {
        "url": "index.php/3760.html",
        "name": "Balsam Salabunde",
        "spelltype": "spell",
        "ab1": "ATTR_2",
        "ab2": "ATTR_3",
        "ab3": "ATTR_5",
        "attrID": "SPELL_5",
        "class": "Magic Skill",
        "classID": 6
    },
    {
        "url": "index.php/-.html",
        "name": "Chains and Shackles",
        "spelltype": "spell",
        "ab1": "ATTR_2",
        "ab2": "ATTR_4",
        "ab3": "ATTR_8",
        "attrID": "SPELL_106",
        "modagainst": "SK",
        "class": "Magic Skill",
        "classID": 6
    },
    {
        "url": "index.php/3761.html",
        "name": "Bannbaladin",
        "spelltype": "spell",
        "ab1": "ATTR_1",
        "ab2": "ATTR_3",
        "ab3": "ATTR_4",
        "attrID": "SPELL_6",
        "modagainst": "SK",
        "class": "Magic Skill",
        "classID": 6
    },
    {
        "url": "index.php/-.html",
        "name": "(Basaltleib)",
        "spelltype": "spell",
        "ab1": "ATTR_1",
        "ab2": "ATTR_2",
        "ab3": "ATTR_8",
        "attrID": "SPELL_242",
        "class": "Magic Skill",
        "classID": 6
    },
    {
        "url": "index.php/-.html",
        "name": "Gaze into the Essence",
        "spelltype": "spell",
        "ab1": "ATTR_2",
        "ab2": "ATTR_3",
        "ab3": "ATTR_4",
        "attrID": "SPELL_107",
        "modagainst": "SK",
        "class": "Magic Skill",
        "classID": 6
    },
    {
        "url": "index.php/gaze-into-the-mind.html",
        "name": "Gaze into the Mind",
        "spelltype": "spell",
        "ab1": "ATTR_1",
        "ab2": "ATTR_2",
        "ab3": "ATTR_3",
        "attrID": "SPELL_7",
        "modagainst": "SK",
        "class": "Magic Skill",
        "classID": 6
    },
    {
        "url": "index.php/-.html",
        "name": "Blindness",
        "spelltype": "spell",
        "ab1": "ATTR_2",
        "ab2": "ATTR_3",
        "ab3": "ATTR_4",
        "attrID": "SPELL_108",
        "modagainst": "SK",
        "class": "Magic Skill",
        "classID": 6
    },
    {
        "url": "index.php/blinding-flash.html",
        "name": "Blinding Flash",
        "spelltype": "spell",
        "ab1": "ATTR_1",
        "ab2": "ATTR_3",
        "ab3": "ATTR_4",
        "attrID": "SPELL_8",
        "modagainst": "SK",
        "class": "Magic Skill",
        "classID": 6
    },
    {
        "url": "index.php/-.html",
        "name": "(Lightning ball)",
        "spelltype": "spell",
        "ab1": "ATTR_1",
        "ab2": "ATTR_2",
        "ab3": "ATTR_7",
        "attrID": "N/A",
        "class": "Magic Skill",
        "classID": 6
    },
    {
        "url": "index.php/-.html",
        "name": "(Brandungsleib)",
        "spelltype": "spell",
        "ab1": "ATTR_1",
        "ab2": "ATTR_3",
        "ab3": "ATTR_6",
        "attrID": "SPELL_243",
        "class": "Magic Skill",
        "classID": 6
    },
    {
        "url": "index.php/-.html",
        "name": "(Brazoraghs Blow)",
        "spelltype": "spell",
        "ab1": "ATTR_3",
        "ab2": "ATTR_7",
        "ab3": "ATTR_8",
        "attrID": "N/A",
        "class": "Magic Skill",
        "classID": 6
    },
    {
        "url": "index.php/-.html",
        "name": "Burning Hatred",
        "spelltype": "spell",
        "ab1": "ATTR_1",
        "ab2": "ATTR_3",
        "ab3": "ATTR_4",
        "attrID": "SPELL_244",
        "modagainst": "SK",
        "class": "Magic Skill",
        "classID": 6
    },
    {
        "url": "index.php/-.html",
        "name": "Evil Eye",
        "spelltype": "spell",
        "ab1": "ATTR_1",
        "ab2": "ATTR_3",
        "ab3": "ATTR_4",
        "modagainst": "SK",
        "attrID": "N/A",
        "class": "Magic Skill",
        "classID": 6
    },
    {
        "url": "index.php/-.html",
        "name": "Chamaelioni",
        "spelltype": "spell",
        "ab1": "ATTR_3",
        "ab2": "ATTR_4",
        "ab3": "ATTR_6",
        "attrID": "SPELL_109",
        "class": "Magic Skill",
        "classID": 6
    },
    {
        "url": "index.php/-.html",
        "name": "Claudibus",
        "spelltype": "spell",
        "ab1": "ATTR_2",
        "ab2": "ATTR_3",
        "ab3": "ATTR_5",
        "attrID": "SPELL_71",
        "class": "Magic Skill",
        "classID": 6
    },
    {
        "url": "index.php/3769.html",
        "name": "Corpofesso",
        "spelltype": "spell",
        "ab1": "ATTR_2",
        "ab2": "ATTR_3",
        "ab3": "ATTR_7",
        "attrID": "SPELL_9",
        "modagainst": "ZK",
        "class": "Magic Skill",
        "classID": 6
    },
    {
        "url": "index.php/-.html",
        "name": "Corpofrigo",
        "spelltype": "spell",
        "ab1": "ATTR_2",
        "ab2": "ATTR_4",
        "ab3": "ATTR_7",
        "attrID": "SPELL_72",
        "modagainst": "ZK",
        "class": "Magic Skill",
        "classID": 6
    },
    {
        "url": "index.php/-.html",
        "name": "Debilitatio",
        "spelltype": "spell",
        "ab1": "ATTR_1",
        "ab2": "ATTR_2",
        "ab3": "ATTR_4",
        "attrID": "SPELL_112",
        "class": "Magic Skill",
        "classID": 6
    },
    {
        "url": "index.php/-.html",
        "name": "Desintegratus",
        "spelltype": "spell",
        "ab1": "ATTR_2",
        "ab2": "ATTR_4",
        "ab3": "ATTR_8",
        "attrID": "SPELL_113",
        "class": "Magic Skill",
        "classID": 6
    },
    {
        "url": "index.php/3775.html",
        "name": "Disruptivo",
        "spelltype": "spell",
        "ab1": "ATTR_1",
        "ab2": "ATTR_2",
        "ab3": "ATTR_4",
        "attrID": "SPELL_10",
        "class": "Magic Skill",
        "classID": 6
    },
    {
        "url": "index.php/-.html",
        "name": "Wall of Thorns",
        "spelltype": "spell",
        "ab1": "ATTR_1",
        "ab2": "ATTR_2",
        "ab3": "ATTR_4",
        "attrID": "N/A",
        "class": "Magic Skill",
        "classID": 6
    },
    {
        "url": "index.php/-.html",
        "name": "(Drachenleib)",
        "spelltype": "spell",
        "ab1": "ATTR_1",
        "ab2": "ATTR_2",
        "ab3": "ATTR_6",
        "attrID": "SPELL_246",
        "class": "Magic Skill",
        "classID": 6
    },
    {
        "url": "index.php/-.html",
        "name": "Darkness",
        "spelltype": "spell",
        "ab1": "ATTR_1",
        "ab2": "ATTR_2",
        "ab3": "ATTR_4",
        "attrID": "SPELL_73",
        "class": "Magic Skill",
        "classID": 6
    },
    {
        "url": "index.php/3777.html",
        "name": "Duplicatus",
        "spelltype": "spell",
        "ab1": "ATTR_2",
        "ab2": "ATTR_3",
        "ab3": "ATTR_4",
        "attrID": "SPELL_11",
        "class": "Magic Skill",
        "classID": 6
    },
    {
        "url": "index.php/-.html",
        "name": "Banish Property (Demons)",
        "spelltype": "spell",
        "ab1": "ATTR_1",
        "ab2": "ATTR_4",
        "ab3": "ATTR_7",
        "attrID": "SPELL_110",
        "class": "Magic Skill",
        "classID": 6
    },
    {
        "url": "index.php/-.html",
        "name": "Demonic Shield",
        "spelltype": "spell",
        "ab1": "ATTR_1",
        "ab2": "ATTR_2",
        "ab3": "ATTR_4",
        "attrID": "SPELL_111",
        "class": "Magic Skill",
        "classID": 6
    },
    {
        "url": "index.php/dv.html",
        "name": "(Dämonisches Vergessen)",
        "spelltype": "spell",
        "ab1": "ATTR_1",
        "ab2": "ATTR_2",
        "ab3": "ATTR_3",
        "attrID": "SPELL_245",
        "modagainst": "SK",
        "class": "Magic Skill",
        "classID": 6
    },
    {
        "url": "index.php/-.html",
        "name": "Ecliptifactus",
        "spelltype": "spell",
        "ab1": "ATTR_1",
        "ab2": "ATTR_3",
        "ab3": "ATTR_4",
        "attrID": "SPELL_74",
        "class": "Magic Skill",
        "classID": 6
    },
    {
        "url": "index.php/-.html",
        "name": "(Eichenleib)",
        "spelltype": "spell",
        "ab1": "ATTR_1",
        "ab2": "ATTR_2",
        "ab3": "ATTR_8",
        "attrID": "SPELL_247",
        "class": "Magic Skill",
        "classID": 6
    },
    {
        "url": "index.php/-.html",
        "name": "(Eigene Dummheit)",
        "spelltype": "spell",
        "ab1": "ATTR_1",
        "ab2": "ATTR_3",
        "ab3": "ATTR_4",
        "attrID": "SPELL_249",
        "modagainst": "SK",
        "class": "Magic Skill",
        "classID": 6
    },
    {
        "url": "index.php/-.html",
        "name": "(Eigene Ängste)",
        "spelltype": "spell",
        "ab1": "ATTR_1",
        "ab2": "ATTR_3",
        "ab3": "ATTR_4",
        "attrID": "SPELL_248",
        "modagainst": "SK",
        "class": "Magic Skill",
        "classID": 6
    },
    {
        "url": "index.php/-.html",
        "name": "Banish Property (Influence)",
        "spelltype": "spell",
        "ab1": "ATTR_2",
        "ab2": "ATTR_3",
        "ab3": "ATTR_4",
        "attrID": "SPELL_114",
        "class": "Magic Skill",
        "classID": 6
    },
    {
        "url": "index.php/-.html",
        "name": "Iron Rust",
        "spelltype": "spell",
        "ab1": "ATTR_2",
        "ab2": "ATTR_4",
        "ab3": "ATTR_6",
        "attrID": "SPELL_115",
        "class": "Magic Skill",
        "classID": 6
    },
    {
        "url": "index.php/-.html",
        "name": "(Eispfeil)",
        "spelltype": "spell",
        "ab1": "ATTR_3",
        "ab2": "ATTR_4",
        "ab3": "ATTR_5",
        "attrID": "SPELL_250",
        "class": "Magic Skill",
        "classID": 6
    },
    {
        "url": "index.php/-.html",
        "name": "Wall of Ice",
        "spelltype": "spell",
        "ab1": "ATTR_1",
        "ab2": "ATTR_2",
        "ab3": "ATTR_4",
        "attrID": "N/A",
        "class": "Magic Skill",
        "classID": 6
    },
    {
        "url": "index.php/-.html",
        "name": "Banish Property (Elements)",
        "spelltype": "spell",
        "ab1": "ATTR_3",
        "ab2": "ATTR_4",
        "ab3": "ATTR_7",
        "attrID": "SPELL_116",
        "class": "Magic Skill",
        "classID": 6
    },
    {
        "url": "index.php/-.html",
        "name": "Elven Voice",
        "spelltype": "spell",
        "ab1": "ATTR_3",
        "ab2": "ATTR_4",
        "ab3": "ATTR_7",
        "attrID": "SPELL_117",
        "class": "Magic Skill",
        "classID": 6
    },
    {
        "url": "index.php/-.html",
        "name": "Memory Begone",
        "spelltype": "spell",
        "ab1": "ATTR_1",
        "ab2": "ATTR_3",
        "ab3": "ATTR_4",
        "attrID": "SPELL_118",
        "modagainst": "SK",
        "class": "Magic Skill",
        "classID": 6
    },
    {
        "url": "index.php/-.html",
        "name": "(Erschöpfungen lindern)",
        "spelltype": "spell",
        "ab1": "ATTR_1",
        "ab2": "ATTR_3",
        "ab3": "ATTR_4",
        "attrID": "N/A",
        "class": "Magic Skill",
        "classID": 6
    },
    {
        "url": "index.php/-.html",
        "name": "(Erzpfeil)",
        "spelltype": "spell",
        "ab1": "ATTR_3",
        "ab2": "ATTR_4",
        "ab3": "ATTR_5",
        "attrID": "SPELL_251",
        "class": "Magic Skill",
        "classID": 6
    },
    {
        "url": "index.php/-.html",
        "name": "(Eulenruf)",
        "spelltype": "spell",
        "ab1": "ATTR_1",
        "ab2": "ATTR_4",
        "ab3": "ATTR_4",
        "attrID": "SPELL_252",
        "class": "Magic Skill",
        "classID": 6
    },
    {
        "url": "index.php/-.html",
        "name": "Exposami",
        "spelltype": "spell",
        "ab1": "ATTR_2",
        "ab2": "ATTR_3",
        "ab3": "ATTR_4",
        "attrID": "SPELL_119",
        "class": "Magic Skill",
        "classID": 6
    },
    {
        "url": "index.php/hawk-eye.html",
        "name": "Hawk Eye",
        "spelltype": "spell",
        "ab1": "ATTR_1",
        "ab2": "ATTR_2",
        "ab3": "ATTR_3",
        "attrID": "SPELL_12",
        "class": "Magic Skill",
        "classID": 6
    },
    {
        "url": "index.php/-.html",
        "name": "Favilludo",
        "spelltype": "spell",
        "ab1": "ATTR_3",
        "ab2": "ATTR_5",
        "ab3": "ATTR_4",
        "attrID": "SPELL_120",
        "class": "Magic Skill",
        "classID": 6
    },
    {
        "url": "index.php/-.html",
        "name": "(Federleib)",
        "spelltype": "spell",
        "ab1": "ATTR_1",
        "ab2": "ATTR_3",
        "ab3": "ATTR_6",
        "attrID": "SPELL_253",
        "class": "Magic Skill",
        "classID": 6
    },
    {
        "url": "index.php/-.html",
        "name": "Pixie Dust",
        "spelltype": "spell",
        "ab1": "ATTR_1",
        "ab2": "ATTR_2",
        "ab3": "ATTR_4",
        "attrID": "SPELL_254",
        "class": "Magic Skill",
        "classID": 6
    },
    {
        "url": "index.php/-.html",
        "name": "(Fesselfeld)",
        "spelltype": "spell",
        "ab1": "ATTR_2",
        "ab2": "ATTR_4",
        "ab3": "ATTR_7",
        "attrID": "N/A",
        "class": "Magic Skill",
        "classID": 6
    },
    {
        "url": "index.php/-.html",
        "name": "(Feuerpfeil)",
        "spelltype": "spell",
        "ab1": "ATTR_3",
        "ab2": "ATTR_4",
        "ab3": "ATTR_5",
        "attrID": "SPELL_255",
        "class": "Magic Skill",
        "classID": 6
    },
    {
        "url": "index.php/-.html",
        "name": "(Firnlauf)",
        "spelltype": "spell",
        "ab1": "ATTR_1",
        "ab2": "ATTR_2",
        "ab3": "ATTR_6",
        "attrID": "SPELL_256",
        "class": "Magic Skill",
        "classID": 6
    },
    {
        "url": "index.php/-.html",
        "name": "Fish Fin",
        "spelltype": "spell",
        "ab1": "ATTR_1",
        "ab2": "ATTR_3",
        "ab3": "ATTR_6",
        "attrID": "SPELL_121",
        "class": "Magic Skill",
        "classID": 6
    },
    {
        "url": "index.php/-.html",
        "name": "Wall of Flames",
        "spelltype": "spell",
        "ab1": "ATTR_1",
        "ab2": "ATTR_2",
        "ab3": "ATTR_4",
        "attrID": "SPELL_257",
        "class": "Magic Skill",
        "classID": 6
    },
    {
        "url": "index.php/-.html",
        "name": "Bat Call",
        "spelltype": "spell",
        "ab1": "ATTR_1",
        "ab2": "ATTR_4",
        "ab3": "ATTR_4",
        "attrID": "SPELL_258",
        "class": "Magic Skill",
        "classID": 6
    },
    {
        "url": "index.php/glow-sphere.html",
        "name": "Glow Sphere",
        "spelltype": "spell",
        "ab1": "ATTR_1",
        "ab2": "ATTR_2",
        "ab3": "ATTR_4",
        "attrID": "SPELL_13",
        "class": "Magic Skill",
        "classID": 6
    },
    {
        "url": "index.php/-.html",
        "name": "Foramen",
        "spelltype": "spell",
        "ab1": "ATTR_2",
        "ab2": "ATTR_3",
        "ab3": "ATTR_5",
        "attrID": "SPELL_122",
        "class": "Magic Skill",
        "classID": 6
    },
    {
        "url": "index.php/-.html",
        "name": "Fortifex",
        "spelltype": "spell",
        "ab1": "ATTR_1",
        "ab2": "ATTR_3",
        "ab3": "ATTR_7",
        "attrID": "SPELL_123",
        "class": "Magic Skill",
        "classID": 6
    },
    {
        "url": "index.php/-.html",
        "name": "Frigifaxius",
        "spelltype": "spell",
        "ab1": "ATTR_1",
        "ab2": "ATTR_2",
        "ab3": "ATTR_4",
        "attrID": "N/A",
        "class": "Magic Skill",
        "classID": 6
    },
    {
        "url": "index.php/-.html",
        "name": "Frigisphaero",
        "spelltype": "spell",
        "ab1": "ATTR_1",
        "ab2": "ATTR_2",
        "ab3": "ATTR_7",
        "attrID": "N/A",
        "class": "Magic Skill",
        "classID": 6
    },
    {
        "url": "index.php/-.html",
        "name": "(Frostleib)",
        "spelltype": "spell",
        "ab1": "ATTR_1",
        "ab2": "ATTR_2",
        "ab3": "ATTR_6",
        "attrID": "SPELL_259",
        "class": "Magic Skill",
        "classID": 6
    },
    {
        "url": "index.php/3793.html",
        "name": "Fulminictus",
        "spelltype": "spell",
        "ab1": "ATTR_2",
        "ab2": "ATTR_3",
        "ab3": "ATTR_7",
        "attrID": "SPELL_14",
        "modagainst": "ZK",
        "class": "Magic Skill",
        "classID": 6,
        "category": "Verwandlung"
    },
    {
        "url": "index.php/3794.html",
        "name": "Gardianum",
        "spelltype": "spell",
        "ab1": "ATTR_1",
        "ab2": "ATTR_2",
        "ab3": "ATTR_4",
        "attrID": "SPELL_15",
        "class": "Magic Skill",
        "classID": 6
    },
    {
        "url": "index.php/-.html",
        "name": "Mental Images",
        "spelltype": "spell",
        "ab1": "ATTR_3",
        "ab2": "ATTR_4",
        "ab3": "ATTR_7",
        "attrID": "SPELL_124",
        "class": "Magic Skill",
        "classID": 6
    },
    {
        "url": "index.php/-.html",
        "name": "Found It",
        "spelltype": "spell",
        "ab1": "ATTR_2",
        "ab2": "ATTR_3",
        "ab3": "ATTR_6",
        "attrID": "SPELL_125",
        "class": "Magic Skill",
        "classID": 6
    },
    {
        "url": "index.php/-.html",
        "name": "(Geisteressenz)",
        "spelltype": "spell",
        "ab1": "ATTR_1",
        "ab2": "ATTR_2",
        "ab3": "ATTR_4",
        "attrID": "SPELL_260",
        "class": "Magic Skill",
        "classID": 6
    },
    {
        "url": "index.php/-.html",
        "name": "(Gifthaut)",
        "spelltype": "spell",
        "ab1": "ATTR_1",
        "ab2": "ATTR_3",
        "ab3": "ATTR_7",
        "attrID": "SPELL_261",
        "class": "Magic Skill",
        "classID": 6
    },
    {
        "url": "index.php/-.html",
        "name": "(Glutlauf)",
        "spelltype": "spell",
        "ab1": "ATTR_1",
        "ab2": "ATTR_2",
        "ab3": "ATTR_6",
        "attrID": "SPELL_262",
        "class": "Magic Skill",
        "classID": 6
    },
    {
        "url": "index.php/powerful-greed.html",
        "name": "Powerful Greed",
        "spelltype": "spell",
        "ab1": "ATTR_1",
        "ab2": "ATTR_3",
        "ab3": "ATTR_4",
        "modagainst": "SK",
        "attrID": "SPELL_16",
        "class": "Magic Skill",
        "classID": 6
    },
    {
        "url": "index.php/-.html",
        "name": "(Große Verwirrung)",
        "spelltype": "spell",
        "ab1": "ATTR_1",
        "ab2": "ATTR_2",
        "ab3": "ATTR_4",
        "modagainst": "SK",
        "attrID": "SPELL_75",
        "class": "Magic Skill",
        "classID": 6
    },
    {
        "url": "index.php/-.html",
        "name": "Halluzination",
        "spelltype": "spell",
        "ab1": "ATTR_2",
        "ab2": "ATTR_3",
        "ab3": "ATTR_4",
        "modagainst": "SK",
        "attrID": "N/A",
        "class": "Magic Skill",
        "classID": 6
    },
    {
        "url": "index.php/harmless-shape.html",
        "name": "Harmless Shape",
        "spelltype": "spell",
        "ab1": "ATTR_2",
        "ab2": "ATTR_3",
        "ab3": "ATTR_4",
        "attrID": "SPELL_17",
        "class": "Magic Skill",
        "classID": 6
    },
    {
        "url": "index.php/-.html",
        "name": "Hazelbush",
        "spelltype": "spell",
        "ab1": "ATTR_3",
        "ab2": "ATTR_4",
        "ab3": "ATTR_5",
        "attrID": "SPELL_126",
        "class": "Magic Skill",
        "classID": 6
    },
    {
        "url": "index.php/-.html",
        "name": "Banish Property (Healing)",
        "spelltype": "spell",
        "ab1": "ATTR_2",
        "ab2": "ATTR_4",
        "ab3": "ATTR_5",
        "attrID": "SPELL_127",
        "class": "Magic Skill",
        "classID": 6
    },
    {
        "url": "index.php/-.html",
        "name": "Banish Property (Clairvoyance)",
        "spelltype": "spell",
        "ab1": "ATTR_2",
        "ab2": "ATTR_3",
        "ab3": "ATTR_4",
        "attrID": "SPELL_128",
        "class": "Magic Skill",
        "classID": 6
    },
    {
        "url": "index.php/-.html",
        "name": "Heptagramma",
        "spelltype": "spell",
        "ab1": "ATTR_1",
        "ab2": "ATTR_2",
        "ab3": "ATTR_4",
        "attrID": "SPELL_129",
        "class": "Magic Skill",
        "classID": 6
    },
    {
        "url": "index.php/-.html",
        "name": "(Herr über das Tierreich)",
        "spelltype": "spell",
        "ab1": "ATTR_1",
        "ab2": "ATTR_3",
        "ab3": "ATTR_4",
        "modagainst": "SK",
        "attrID": "SPELL_76",
        "class": "Magic Skill",
        "classID": 6
    },
    {
        "url": "index.php/-.html",
        "name": "Stop Heartbeat",
        "spelltype": "spell",
        "ab1": "ATTR_1",
        "ab2": "ATTR_4",
        "ab3": "ATTR_8",
        "modagainst": "ZK",
        "attrID": "SPELL_130",
        "class": "Magic Skill",
        "classID": 6
    },
    {
        "url": "index.php/-.html",
        "name": "Hexagramma",
        "spelltype": "spell",
        "ab1": "ATTR_1",
        "ab2": "ATTR_2",
        "ab3": "ATTR_4",
        "attrID": "SPELL_131",
        "class": "Magic Skill",
        "classID": 6
    },
    {
        "url": "index.php/witchs-bile.html",
        "name": "Witch´s Bile",
        "spelltype": "spell",
        "ab1": "ATTR_2",
        "ab2": "ATTR_3",
        "ab3": "ATTR_7",
        "attrID": "SPELL_18",
        "class": "Magic Skill",
        "classID": 6
    },
    {
        "url": "index.php/-.html",
        "name": "(Hexenholz)",
        "spelltype": "spell",
        "ab1": "ATTR_2",
        "ab2": "ATTR_5",
        "ab3": "ATTR_8",
        "attrID": "SPELL_77",
        "class": "Magic Skill",
        "classID": 6
    },
    {
        "url": "index.php/-.html",
        "name": "(Hexenknoten)",
        "spelltype": "spell",
        "ab1": "ATTR_1",
        "ab2": "ATTR_3",
        "ab3": "ATTR_4",
        "attrID": "SPELL_78",
        "class": "Magic Skill",
        "classID": 6
    },
    {
        "url": "index.php/witchs-claws.html",
        "name": "Witch´s Claws",
        "spelltype": "spell",
        "ab1": "ATTR_2",
        "ab2": "ATTR_3",
        "ab3": "ATTR_7",
        "attrID": "SPELL_19",
        "class": "Magic Skill",
        "classID": 6
    },
    {
        "url": "index.php/-.html",
        "name": "(Hexenspeichel)",
        "spelltype": "spell",
        "ab1": "ATTR_3",
        "ab2": "ATTR_4",
        "ab3": "ATTR_5",
        "attrID": "SPELL_263",
        "class": "Magic Skill",
        "classID": 6
    },
    {
        "url": "index.php/-.html",
        "name": "(Hilfreiche Pfote)",
        "spelltype": "spell",
        "ab1": "ATTR_1",
        "ab2": "ATTR_3",
        "ab3": "ATTR_4",
        "attrID": "SPELL_264",
        "class": "Magic Skill",
        "classID": 6
    },
    {
        "url": "index.php/-.html",
        "name": "(Hilfreiche Schwinge)",
        "spelltype": "spell",
        "ab1": "ATTR_1",
        "ab2": "ATTR_3",
        "ab3": "ATTR_4",
        "attrID": "SPELL_265",
        "class": "Magic Skill",
        "classID": 6
    },
    {
        "url": "index.php/-.html",
        "name": "(Hilfreiche Tatze)",
        "spelltype": "spell",
        "ab1": "ATTR_1",
        "ab2": "ATTR_3",
        "ab3": "ATTR_4",
        "attrID": "SPELL_266",
        "class": "Magic Skill",
        "classID": 6
    },
    {
        "url": "index.php/-.html",
        "name": "(Himmelslauf)",
        "spelltype": "spell",
        "ab1": "ATTR_1",
        "ab2": "ATTR_2",
        "ab3": "ATTR_6",
        "attrID": "SPELL_267",
        "class": "Magic Skill",
        "classID": 6
    },
    {
        "url": "index.php/-.html",
        "name": "(Hornissenruf)",
        "spelltype": "spell",
        "ab1": "ATTR_1",
        "ab2": "ATTR_4",
        "ab3": "ATTR_4",
        "attrID": "SPELL_268",
        "class": "Magic Skill",
        "classID": 6
    },
    {
        "url": "index.php/3813.html",
        "name": "Horriphobus",
        "spelltype": "spell",
        "ab1": "ATTR_1",
        "ab2": "ATTR_3",
        "ab3": "ATTR_4",
        "attrID": "SPELL_20",
        "modagainst": "SK",
        "class": "Magic Skill",
        "classID": 6
    },
    {
        "url": "index.php/-.html",
        "name": "Humofaxius",
        "spelltype": "spell",
        "ab1": "ATTR_1",
        "ab2": "ATTR_2",
        "ab3": "ATTR_4",
        "attrID": "N/A",
        "class": "Magic Skill",
        "classID": 6
    },
    {
        "url": "index.php/-.html",
        "name": "Humosphaero",
        "spelltype": "spell",
        "ab1": "ATTR_1",
        "ab2": "ATTR_2",
        "ab3": "ATTR_7",
        "attrID": "N/A",
        "class": "Magic Skill",
        "classID": 6
    },
    {
        "url": "index.php/-.html",
        "name": "(Humuspfeil)",
        "spelltype": "spell",
        "ab1": "ATTR_3",
        "ab2": "ATTR_4",
        "ab3": "ATTR_5",
        "attrID": "SPELL_269",
        "class": "Magic Skill",
        "classID": 6
    },
    {
        "url": "index.php/-.html",
        "name": "Agony",
        "spelltype": "spell",
        "ab1": "ATTR_1",
        "ab2": "ATTR_3",
        "ab3": "ATTR_4",
        "attrID": "SPELL_79",
        "modagainst": "SK",
        "class": "Magic Skill",
        "classID": 6
    },
    {
        "url": "index.php/3814.html",
        "name": "Ignifaxius",
        "spelltype": "spell",
        "ab1": "ATTR_1",
        "ab2": "ATTR_2",
        "ab3": "ATTR_4",
        "attrID": "SPELL_21",
        "class": "Magic Skill",
        "classID": 6
    },
    {
        "url": "index.php/-.html",
        "name": "Ignisphaero",
        "spelltype": "spell",
        "ab1": "ATTR_1",
        "ab2": "ATTR_2",
        "ab3": "ATTR_7",
        "attrID": "SPELL_80",
        "class": "Magic Skill",
        "classID": 6
    },
    {
        "url": "index.php/-.html",
        "name": "Ignorantia",
        "spelltype": "spell",
        "ab1": "ATTR_3",
        "ab2": "ATTR_4",
        "ab3": "ATTR_6",
        "modagainst": "SK",
        "attrID": "SPELL_132",
        "class": "Magic Skill",
        "classID": 6
    },
    {
        "url": "index.php/-.html",
        "name": "Banish Property (Illusion)",
        "spelltype": "spell",
        "ab1": "ATTR_2",
        "ab2": "ATTR_3",
        "ab3": "ATTR_4",
        "attrID": "SPELL_133",
        "class": "Magic Skill",
        "classID": 6
    },
    {
        "url": "index.php/-.html",
        "name": "Imperavi",
        "spelltype": "spell",
        "ab1": "ATTR_1",
        "ab2": "ATTR_2",
        "ab3": "ATTR_4",
        "attrID": "SPELL_134",
        "modagainst": "SK",
        "class": "Magic Skill",
        "classID": 6
    },
    {
        "url": "index.php/-.html",
        "name": "Impersona",
        "spelltype": "spell",
        "ab1": "ATTR_3",
        "ab2": "ATTR_4",
        "ab3": "ATTR_5",
        "attrID": "SPELL_135",
        "class": "Magic Skill",
        "classID": 6
    },
    {
        "url": "index.php/-.html",
        "name": "Incendio",
        "spelltype": "spell",
        "ab1": "ATTR_2",
        "ab2": "ATTR_4",
        "ab3": "ATTR_7",
        "modagainst": "ZK",
        "attrID": "SPELL_136",
        "class": "Magic Skill",
        "classID": 6
    },
    {
        "url": "index.php/-.html",
        "name": "Invercano",
        "spelltype": "spell",
        "ab1": "ATTR_1",
        "ab2": "ATTR_3",
        "ab3": "ATTR_5",
        "attrID": "SPELL_137",
        "class": "Magic Skill",
        "classID": 6
    },
    {
        "url": "index.php/-.html",
        "name": "Invinculo",
        "spelltype": "spell",
        "ab1": "ATTR_2",
        "ab2": "ATTR_4",
        "ab3": "ATTR_7",
        "modagainst": "ZK",
        "attrID": "N/A",
        "class": "Magic Skill",
        "classID": 6
    },
    {
        "url": "index.php/3822.html",
        "name": "Invocatio Minima",
        "spelltype": "spell",
        "ab1": "ATTR_1",
        "ab2": "ATTR_4",
        "ab3": "ATTR_7",
        "attrID": "SPELL_22",
        "class": "Magic Skill",
        "classID": 6
    },
    {
        "url": "index.php/-.html",
        "name": "Carnifilo",
        "spelltype": "spell",
        "ab1": "ATTR_1",
        "ab2": "ATTR_3",
        "ab3": "ATTR_4",
        "modagainst": "SK",
        "attrID": "SPELL_138",
        "class": "Magic Skill",
        "classID": 6
    },
    {
        "url": "index.php/cat-eyes.html",
        "name": "Cat Eyes",
        "spelltype": "spell",
        "ab1": "ATTR_2",
        "ab2": "ATTR_3",
        "ab3": "ATTR_7",
        "attrID": "SPELL_23",
        "class": "Magic Skill",
        "classID": 6
    },
    {
        "url": "index.php/-.html",
        "name": "(Katzenruf)",
        "spelltype": "spell",
        "ab1": "ATTR_1",
        "ab2": "ATTR_4",
        "ab3": "ATTR_4",
        "attrID": "SPELL_270",
        "class": "Magic Skill",
        "classID": 6
    },
    {
        "url": "index.php/-.html",
        "name": "Klarum Purum",
        "spelltype": "spell",
        "ab1": "ATTR_2",
        "ab2": "ATTR_3",
        "ab3": "ATTR_4",
        "attrID": "SPELL_81",
        "class": "Magic Skill",
        "classID": 6
    },
    {
        "url": "index.php/-.html",
        "name": "(Krabbelnder Schrecken)",
        "spelltype": "spell",
        "ab1": "ATTR_1",
        "ab2": "ATTR_4",
        "ab3": "ATTR_5",
        "attrID": "SPELL_271",
        "class": "Magic Skill",
        "classID": 6
    },
    {
        "url": "index.php/-.html",
        "name": "(Kraft aus Schmerzen)",
        "spelltype": "spell",
        "ab1": "ATTR_2",
        "ab2": "ATTR_3",
        "ab3": "ATTR_7",
        "modagainst": "ZK",
        "class": "Magic Skill",
        "classID": 6
    },
    {
        "url": "index.php/-.html",
        "name": "(Kraft des Tieres)",
        "spelltype": "spell",
        "ab1": "ATTR_1",
        "ab2": "ATTR_3",
        "ab3": "ATTR_7",
        "attrID": "SPELL_273",
        "class": "Magic Skill",
        "classID": 6
    },
    {
        "url": "index.php/-.html",
        "name": "(Krähenruf)",
        "spelltype": "spell",
        "ab1": "ATTR_1",
        "ab2": "ATTR_4",
        "ab3": "ATTR_4",
        "attrID": "SPELL_272",
        "class": "Magic Skill",
        "classID": 6
    },
    {
        "url": "index.php/toad-jump.html",
        "name": "Toad Jump",
        "spelltype": "spell",
        "ab1": "ATTR_2",
        "ab2": "ATTR_3",
        "ab3": "ATTR_7",
        "attrID": "SPELL_24",
        "class": "Magic Skill",
        "classID": 6
    },
    {
        "url": "index.php/-.html",
        "name": "Kulminatio",
        "spelltype": "spell",
        "ab1": "ATTR_1",
        "ab2": "ATTR_3",
        "ab3": "ATTR_7",
        "attrID": "SPELL_274",
        "class": "Magic Skill",
        "classID": 6
    },
    {
        "url": "index.php/-.html",
        "name": "Shoo!",
        "spelltype": "spell",
        "ab1": "ATTR_1",
        "ab2": "ATTR_3",
        "ab3": "ATTR_4",
        "modagainst": "SK",
        "attrID": "SPELL_139",
        "class": "Magic Skill",
        "classID": 6
    },
    {
        "url": "index.php/-.html",
        "name": "Burden of Old-Age",
        "spelltype": "spell",
        "ab1": "ATTR_3",
        "ab2": "ATTR_4",
        "ab3": "ATTR_7",
        "modagainst": "ZK",
        "attrID": "SPELL_140",
        "class": "Magic Skill",
        "classID": 6
    },
    {
        "url": "index.php/-.html",
        "name": "Levthan's Fire",
        "spelltype": "spell",
        "ab1": "ATTR_1",
        "ab2": "ATTR_3",
        "ab3": "ATTR_4",
        "modagainst": "SK",
        "attrID": "SPELL_275",
        "class": "Magic Skill",
        "classID": 6
    },
    {
        "url": "index.php/-.html",
        "name": "(Luftpfeil)",
        "spelltype": "spell",
        "ab1": "ATTR_3",
        "ab2": "ATTR_4",
        "ab3": "ATTR_5",
        "attrID": "SPELL_276",
        "class": "Magic Skill",
        "classID": 6
    },
    {
        "url": "index.php/-.html",
        "name": "Leviathan Lung",
        "spelltype": "spell",
        "ab1": "ATTR_1",
        "ab2": "ATTR_3",
        "ab3": "ATTR_7",
        "attrID": "SPELL_141",
        "class": "Magic Skill",
        "classID": 6
    },
    {
        "url": "index.php/-.html",
        "name": "(Mal der Erschöpfung)",
        "spelltype": "spell",
        "ab1": "ATTR_1",
        "ab2": "ATTR_3",
        "ab3": "ATTR_4",
        "modagainst": "SK",
        "attrID": "SPELL_277",
        "class": "Magic Skill",
        "classID": 6
    },
    {
        "url": "index.php/-.html",
        "name": "(Mal der Schwäche)",
        "spelltype": "spell",
        "ab1": "ATTR_1",
        "ab2": "ATTR_3",
        "ab3": "ATTR_4",
        "modagainst": "SK",
        "attrID": "SPELL_278",
        "class": "Magic Skill",
        "classID": 6
    },
    {
        "url": "index.php/3830.html",
        "name": "Manifesto",
        "spelltype": "spell",
        "ab1": "ATTR_1",
        "ab2": "ATTR_2",
        "ab3": "ATTR_4",
        "attrID": "SPELL_25",
        "class": "Magic Skill",
        "classID": 6
    },
    {
        "url": "index.php/-.html",
        "name": "Manus Illusionis",
        "spelltype": "spell",
        "ab1": "ATTR_2",
        "ab2": "ATTR_3",
        "ab3": "ATTR_4",
        "attrID": "SPELL_142",
        "class": "Magic Skill",
        "classID": 6
    },
    {
        "url": "index.php/3832.html",
        "name": "Manus Miracula",
        "spelltype": "spell",
        "ab1": "ATTR_2",
        "ab2": "ATTR_5",
        "ab3": "ATTR_8",
        "attrID": "SPELL_26",
        "class": "Magic Skill",
        "classID": 6
    },
    {
        "url": "index.php/-.html",
        "name": "Memorans",
        "spelltype": "spell",
        "ab1": "ATTR_2",
        "ab2": "ATTR_2",
        "ab3": "ATTR_3",
        "attrID": "SPELL_143",
        "class": "Magic Skill",
        "classID": 6
    },
    {
        "url": "index.php/-.html",
        "name": "Menetekel",
        "spelltype": "spell",
        "ab1": "ATTR_2",
        "ab2": "ATTR_4",
        "ab3": "ATTR_5",
        "attrID": "SPELL_144",
        "class": "Magic Skill",
        "classID": 6
    },
    {
        "url": "index.php/3835.html",
        "name": "Motoricus",
        "spelltype": "spell",
        "ab1": "ATTR_2",
        "ab2": "ATTR_5",
        "ab3": "ATTR_8",
        "attrID": "SPELL_27",
        "class": "Magic Skill",
        "classID": 6
    },
    {
        "url": "index.php/-.html",
        "name": "(Nebelform)",
        "spelltype": "spell",
        "ab1": "ATTR_1",
        "ab2": "ATTR_3",
        "ab3": "ATTR_7",
        "attrID": "N/A",
        "class": "Magic Skill",
        "classID": 6
    },
    {
        "url": "index.php/wall-of-fog.html",
        "name": "Wall of Fog",
        "spelltype": "spell",
        "ab1": "ATTR_1",
        "ab2": "ATTR_2",
        "ab3": "ATTR_4",
        "attrID": "SPELL_28",
        "class": "Magic Skill",
        "classID": 6
    },
    {
        "url": "index.php/-.html",
        "name": "Nuntiovolo",
        "spelltype": "spell",
        "ab1": "ATTR_1",
        "ab2": "ATTR_2",
        "ab3": "ATTR_4",
        "attrID": "SPELL_145",
        "class": "Magic Skill",
        "classID": 6
    },
    {
        "url": "index.php/-.html",
        "name": "Objectobscuro",
        "spelltype": "spell",
        "ab1": "ATTR_2",
        "ab2": "ATTR_5",
        "ab3": "ATTR_7",
        "attrID": "SPELL_146",
        "class": "Magic Skill",
        "classID": 6
    },
    {
        "url": "index.php/-.html",
        "name": "Objectofixo",
        "spelltype": "spell",
        "ab1": "ATTR_1",
        "ab2": "ATTR_2",
        "ab3": "ATTR_8",
        "attrID": "SPELL_147",
        "class": "Magic Skill",
        "classID": 6
    },
    {
        "url": "index.php/-.html",
        "name": "Objectovoco",
        "spelltype": "spell",
        "ab1": "ATTR_2",
        "ab2": "ATTR_3",
        "ab3": "ATTR_4",
        "attrID": "SPELL_279",
        "class": "Magic Skill",
        "classID": 6
    },
    {
        "url": "index.php/-.html",
        "name": "Banish Property (Objects)",
        "spelltype": "spell",
        "ab1": "ATTR_2",
        "ab2": "ATTR_3",
        "ab3": "ATTR_5",
        "attrID": "SPELL_148",
        "class": "Magic Skill",
        "classID": 6
    },
    {
        "url": "index.php/-.html",
        "name": "Oculus Astralis",
        "spelltype": "spell",
        "ab1": "ATTR_2",
        "ab2": "ATTR_3",
        "ab3": "ATTR_4",
        "attrID": "SPELL_149",
        "class": "Magic Skill",
        "classID": 6
    },
    {
        "url": "index.php/3842.html",
        "name": "Oculus Illusionis",
        "spelltype": "spell",
        "ab1": "ATTR_2",
        "ab2": "ATTR_3",
        "ab3": "ATTR_4",
        "attrID": "SPELL_29",
        "class": "Magic Skill",
        "classID": 6,
        "category": "Illusion"
    },
    {
        "url": "index.php/3843.html",
        "name": "Odem Arcanum",
        "spelltype": "spell",
        "ab1": "ATTR_2",
        "ab2": "ATTR_3",
        "ab3": "ATTR_3",
        "attrID": "SPELL_30",
        "class": "Magic Skill",
        "classID": 6
    },
    {
        "url": "index.php/-.html",
        "name": "Oktagramma",
        "spelltype": "spell",
        "ab1": "ATTR_1",
        "ab2": "ATTR_2",
        "ab3": "ATTR_4",
        "class": "Magic Skill",
        "classID": 6
    },
    {
        "url": "index.php/-.html",
        "name": "Orcanofaxius",
        "spelltype": "spell",
        "ab1": "ATTR_1",
        "ab2": "ATTR_2",
        "ab3": "ATTR_4",
        "attrID": "SPELL_150",
        "class": "Magic Skill",
        "classID": 6
    },
    {
        "url": "index.php/-.html",
        "name": "Orcanosphaero",
        "spelltype": "spell",
        "ab1": "ATTR_1",
        "ab2": "ATTR_2",
        "ab3": "ATTR_7",
        "attrID": "SPELL_151",
        "class": "Magic Skill",
        "classID": 6
    },
    {
        "url": "index.php/-.html",
        "name": "Pandaemonium",
        "spelltype": "spell",
        "ab1": "ATTR_1",
        "ab2": "ATTR_4",
        "ab3": "ATTR_8",
        "attrID": "SPELL_280",
        "class": "Magic Skill",
        "classID": 6
    },
    {
        "url": "index.php/-.html",
        "name": "(Panik überkomme euch)",
        "spelltype": "spell",
        "ab1": "ATTR_1",
        "ab2": "ATTR_2",
        "ab3": "ATTR_4",
        "class": "Magic Skill",
        "classID": 6
    },
    {
        "url": "index.php/3846.html",
        "name": "Paralysis",
        "spelltype": "spell",
        "ab1": "ATTR_2",
        "ab2": "ATTR_3",
        "ab3": "ATTR_7",
        "attrID": "SPELL_31",
        "modagainst": "ZK",
        "class": "Magic Skill",
        "classID": 6
    },
    {
        "url": "index.php/3847.html",
        "name": "Penetrizzel",
        "spelltype": "spell",
        "ab1": "ATTR_1",
        "ab2": "ATTR_2",
        "ab3": "ATTR_3",
        "attrID": "SPELL_32",
        "class": "Magic Skill",
        "classID": 6
    },
    {
        "url": "index.php/-.html",
        "name": "Pentagramma",
        "spelltype": "spell",
        "ab1": "ATTR_1",
        "ab2": "ATTR_2",
        "ab3": "ATTR_4",
        "attrID": "SPELL_152",
        "class": "Magic Skill",
        "classID": 6
    },
    {
        "url": "index.php/-.html",
        "name": "(Pestilenz erspüren)",
        "spelltype": "spell",
        "ab1": "ATTR_1",
        "ab2": "ATTR_2",
        "ab3": "ATTR_3",
        "attrID": "SPELL_82",
        "class": "Magic Skill",
        "classID": 6
    },
    {
        "url": "index.php/-.html",
        "name": "(Pestodem)",
        "spelltype": "spell",
        "ab1": "ATTR_1",
        "ab2": "ATTR_3",
        "ab3": "ATTR_7",
        "attrID": "SPELL_281",
        "class": "Magic Skill",
        "classID": 6
    },
    {
        "url": "index.php/-.html",
        "name": "Physiostabilis",
        "spelltype": "spell",
        "ab1": "ATTR_2",
        "ab2": "ATTR_3",
        "ab3": "ATTR_5",
        "attrID": "SPELL_153",
        "class": "Magic Skill",
        "classID": 6
    },
    {
        "url": "index.php/-.html",
        "name": "Plumbumbarum",
        "spelltype": "spell",
        "ab1": "ATTR_1",
        "ab2": "ATTR_4",
        "ab3": "ATTR_6",
        "modagainst": "SK",
        "attrID": "SPELL_154",
        "class": "Magic Skill",
        "classID": 6
    },
    {
        "url": "index.php/-.html",
        "name": "Projectimago",
        "spelltype": "spell",
        "ab1": "ATTR_1",
        "ab2": "ATTR_3",
        "ab3": "ATTR_4",
        "attrID": "SPELL_155",
        "class": "Magic Skill",
        "classID": 6
    },
    {
        "url": "index.php/3853.html",
        "name": "Psychostabilis",
        "spelltype": "spell",
        "ab1": "ATTR_2",
        "ab2": "ATTR_3",
        "ab3": "ATTR_5",
        "attrID": "SPELL_33",
        "class": "Magic Skill",
        "classID": 6
    },
    {
        "url": "index.php/fighting-stick.html",
        "name": "Fighting Stick",
        "spelltype": "spell",
        "ab1": "ATTR_2",
        "ab2": "ATTR_5",
        "ab3": "ATTR_8",
        "attrID": "SPELL_34",
        "class": "Magic Skill",
        "classID": 6
    },
    {
        "url": "index.php/-.html",
        "name": "Reflectimago",
        "spelltype": "spell",
        "ab1": "ATTR_2",
        "ab2": "ATTR_4",
        "ab3": "ATTR_5",
        "attrID": "SPELL_156",
        "class": "Magic Skill",
        "classID": 6
    },
    {
        "url": "index.php/-.html",
        "name": "Regeneratio",
        "spelltype": "spell",
        "ab1": "ATTR_3",
        "ab2": "ATTR_4",
        "ab3": "ATTR_7",
        "attrID": "SPELL_157",
        "class": "Magic Skill",
        "classID": 6
    },
    {
        "url": "index.php/-.html",
        "name": "Reptilea",
        "spelltype": "spell",
        "ab1": "ATTR_1",
        "ab2": "ATTR_3",
        "ab3": "ATTR_4",
        "attrID": "SPELL_282",
        "class": "Magic Skill",
        "classID": 6
    },
    {
        "url": "index.php/3857.html",
        "name": "Respondami",
        "spelltype": "spell",
        "ab1": "ATTR_1",
        "ab2": "ATTR_3",
        "ab3": "ATTR_4",
        "attrID": "SPELL_35",
        "modagainst": "SK",
        "class": "Magic Skill",
        "classID": 6
    },
    {
        "url": "index.php/3858.html",
        "name": "Salander",
        "spelltype": "spell",
        "ab1": "ATTR_2",
        "ab2": "ATTR_3",
        "ab3": "ATTR_7",
        "modagainst": "ZK",
        "attrID": "SPELL_36",
        "class": "Magic Skill",
        "classID": 6
    },
    {
        "url": "index.php/-.html",
        "name": "(Sanfter Fall)",
        "spelltype": "spell",
        "ab1": "ATTR_1",
        "ab2": "ATTR_3",
        "ab3": "ATTR_6",
        "attrID": "SPELL_283",
        "class": "Magic Skill",
        "classID": 6
    },
    {
        "url": "index.php/placidity.html",
        "name": "Placidity",
        "spelltype": "spell",
        "ab1": "ATTR_1",
        "ab2": "ATTR_3",
        "ab3": "ATTR_4",
        "modagainst": "SK",
        "attrID": "SPELL_37",
        "class": "Magic Skill",
        "classID": 6
    },
    {
        "url": "index.php/-.html",
        "name": "Sapefacta",
        "spelltype": "spell",
        "ab1": "ATTR_2",
        "ab2": "ATTR_4",
        "ab3": "ATTR_5",
        "attrID": "SPELL_158",
        "class": "Magic Skill",
        "classID": 6
    },
    {
        "url": "index.php/satuarias-splendor.html",
        "name": "Satuaria's Splendor",
        "spelltype": "spell",
        "ab1": "ATTR_2",
        "ab2": "ATTR_3",
        "ab3": "ATTR_7",
        "attrID": "SPELL_38",
        "class": "Magic Skill",
        "classID": 6
    },
    {
        "url": "index.php/-.html",
        "name": "(Schimmernder Schild)",
        "spelltype": "spell",
        "ab1": "ATTR_1",
        "ab2": "ATTR_3",
        "ab3": "ATTR_7",
        "class": "Magic Skill",
        "classID": 6
    },
    {
        "url": "index.php/-.html",
        "name": "(Schlangenruf)",
        "spelltype": "spell",
        "ab1": "ATTR_1",
        "ab2": "ATTR_4",
        "ab3": "ATTR_4",
        "attrID": "SPELL_83",
        "class": "Magic Skill",
        "classID": 6
    },
    {
        "url": "index.php/-.html",
        "name": "(Schlechte Ausstrahlung)",
        "spelltype": "spell",
        "ab1": "ATTR_1",
        "ab2": "ATTR_3",
        "ab3": "ATTR_4",
        "modagainst": "SK",
        "attrID": "SPELL_284",
        "class": "Magic Skill",
        "classID": 6
    },
    {
        "url": "index.php/-.html",
        "name": "(Schleier der Unwissenheit)",
        "spelltype": "spell",
        "ab1": "ATTR_1",
        "ab2": "ATTR_3",
        "ab3": "ATTR_4",
        "attrID": "SPELL_285",
        "class": "Magic Skill",
        "classID": 6
    },
    {
        "url": "index.php/-.html",
        "name": "Ease Pain",
        "spelltype": "spell",
        "ab1": "ATTR_1",
        "ab2": "ATTR_3",
        "ab3": "ATTR_4",
        "attrID": "SPELL_159",
        "class": "Magic Skill",
        "classID": 6
    },
    {
        "url": "index.php/-.html",
        "name": "(Schuppenhaut)",
        "spelltype": "spell",
        "ab1": "ATTR_1",
        "ab2": "ATTR_3",
        "ab3": "ATTR_6",
        "class": "Magic Skill",
        "classID": 6
    },
    {
        "url": "index.php/-.html",
        "name": "Black and Red",
        "spelltype": "spell",
        "ab1": "ATTR_1",
        "ab2": "ATTR_4",
        "ab3": "ATTR_7",
        "modagainst": "ZK",
        "attrID": "SPELL_160",
        "class": "Magic Skill",
        "classID": 6
    },
    {
        "url": "index.php/-.html",
        "name": "Black Terror",
        "spelltype": "spell",
        "ab1": "ATTR_1",
        "ab2": "ATTR_3",
        "ab3": "ATTR_4",
        "modagainst": "SK",
        "attrID": "SPELL_161",
        "class": "Magic Skill",
        "classID": 6
    },
    {
        "url": "index.php/.html",
        "name": "(Seelentier erkennen)",
        "spelltype": "spell",
        "ab1": "ATTR_1",
        "ab2": "ATTR_3",
        "ab3": "ATTR_4",
        "modagainst": "SK",
        "attrID": "SPELL_286",
        "class": "Magic Skill",
        "classID": 6
    },
    {
        "url": "index.php/-.html",
        "name": "Silken Tongue",
        "spelltype": "spell",
        "ab1": "ATTR_2",
        "ab2": "ATTR_3",
        "ab3": "ATTR_4",
        "modagainst": "SK",
        "attrID": "SPELL_287",
        "class": "Magic Skill",
        "classID": 6
    },
    {
        "url": "index.php/-.html",
        "name": "Sensattacco",
        "spelltype": "spell",
        "ab1": "ATTR_1",
        "ab2": "ATTR_3",
        "ab3": "ATTR_6",
        "class": "Magic Skill",
        "classID": 6
    },
    {
        "url": "index.php/-.html",
        "name": "Sensibar",
        "spelltype": "spell",
        "ab1": "ATTR_1",
        "ab2": "ATTR_3",
        "ab3": "ATTR_4",
        "modagainst": "SK",
        "attrID": "SPELL_84",
        "class": "Magic Skill",
        "classID": 6
    },
    {
        "url": "index.php/-.html",
        "name": "Serpentialis",
        "spelltype": "spell",
        "ab1": "ATTR_1",
        "ab2": "ATTR_4",
        "ab3": "ATTR_6",
        "attrID": "SPELL_288",
        "class": "Magic Skill",
        "classID": 6
    },
    {
        "url": "index.php/3867.html",
        "name": "Silentium",
        "spelltype": "spell",
        "ab1": "ATTR_2",
        "ab2": "ATTR_5",
        "ab3": "ATTR_8",
        "attrID": "SPELL_39",
        "class": "Magic Skill",
        "classID": 6
    },
    {
        "url": "index.php/-.html",
        "name": "Sinesigil",
        "spelltype": "spell",
        "ab1": "ATTR_2",
        "ab2": "ATTR_3",
        "ab3": "ATTR_5",
        "class": "Magic Skill",
        "classID": 6
    },
    {
        "url": "index.php/-.html",
        "name": "Skelettarius",
        "spelltype": "spell",
        "ab1": "ATTR_1",
        "ab2": "ATTR_2",
        "ab3": "ATTR_4",
        "attrID": "SPELL_162",
        "class": "Magic Skill",
        "classID": 6
    },
    {
        "url": "index.php/-.html",
        "name": "Solidirid",
        "spelltype": "spell",
        "ab1": "ATTR_1",
        "ab2": "ATTR_3",
        "ab3": "ATTR_7",
        "attrID": "SPELL_163",
        "class": "Magic Skill",
        "classID": 6
    },
    {
        "url": "index.php/3870.html",
        "name": "Somnigravis",
        "spelltype": "spell",
        "ab1": "ATTR_1",
        "ab2": "ATTR_3",
        "ab3": "ATTR_4",
        "attrID": "SPELL_40",
        "modagainst": "SK",
        "class": "Magic Skill",
        "classID": 6
    },
    {
        "url": "index.php/-.html",
        "name": "Banish Property (Spheres)",
        "spelltype": "spell",
        "ab1": "ATTR_1",
        "ab2": "ATTR_3",
        "ab3": "ATTR_4",
        "class": "Magic Skill",
        "classID": 6
    },
    {
        "url": "index.php/spider-walk.html",
        "name": "Spider Walk",
        "spelltype": "spell",
        "ab1": "ATTR_2",
        "ab2": "ATTR_3",
        "ab3": "ATTR_7",
        "attrID": "SPELL_41",
        "class": "Magic Skill",
        "classID": 6
    },
    {
        "url": "index.php/-.html",
        "name": "(Spinnenruf)",
        "spelltype": "spell",
        "ab1": "ATTR_1",
        "ab2": "ATTR_4",
        "ab3": "ATTR_4",
        "attrID": "SPELL_289",
        "class": "Magic Skill",
        "classID": 6
    },
    {
        "url": "index.php/traceless.html",
        "name": "Traceless",
        "spelltype": "spell",
        "ab1": "ATTR_2",
        "ab2": "ATTR_5",
        "ab3": "ATTR_8",
        "attrID": "SPELL_42",
        "class": "Magic Skill",
        "classID": 6
    },
    {
        "url": "index.php/-.html",
        "name": "(Standfest)",
        "spelltype": "spell",
        "ab1": "ATTR_1",
        "ab2": "ATTR_3",
        "ab3": "ATTR_6",
        "attrID": "SPELL_290",
        "class": "Magic Skill",
        "classID": 6
    },
    {
        "url": "index.php/-.html",
        "name": "Wall of Stone",
        "spelltype": "spell",
        "ab1": "ATTR_1",
        "ab2": "ATTR_2",
        "ab3": "ATTR_4",
        "attrID": "SPELL_291",
        "class": "Magic Skill",
        "classID": 6
    },
    {
        "url": "index.php/-.html",
        "name": "(Stillstand)",
        "spelltype": "spell",
        "ab1": "ATTR_1",
        "ab2": "ATTR_3",
        "ab3": "ATTR_7",
        "class": "Magic Skill",
        "classID": 6
    },
    {
        "url": "index.php/-.html",
        "name": "(Sturm der Verunsicherung)",
        "spelltype": "spell",
        "ab1": "ATTR_1",
        "ab2": "ATTR_2",
        "ab3": "ATTR_4",
        "class": "Magic Skill",
        "classID": 6
    },
    {
        "url": "index.php/-.html",
        "name": "(Sturmwand)",
        "spelltype": "spell",
        "ab1": "ATTR_1",
        "ab2": "ATTR_2",
        "ab3": "ATTR_4",
        "class": "Magic Skill",
        "classID": 6
    },
    {
        "url": "index.php/-.html",
        "name": "(Sumus Elixiere)",
        "spelltype": "spell",
        "ab1": "ATTR_2",
        "ab2": "ATTR_3",
        "ab3": "ATTR_3",
        "attrID": "SPELL_85",
        "class": "Magic Skill",
        "classID": 6
    },
    {
        "url": "index.php/-.html",
        "name": "Deafness",
        "spelltype": "spell",
        "ab1": "ATTR_2",
        "ab2": "ATTR_3",
        "ab3": "ATTR_4",
        "modagainst": "SK",
        "attrID": "SPELL_164",
        "class": "Magic Skill",
        "classID": 6
    },
    {
        "url": "index.php/-.html",
        "name": "Banish Property (Telekinesis)",
        "spelltype": "spell",
        "ab1": "ATTR_2",
        "ab2": "ATTR_3",
        "ab3": "ATTR_5",
        "attrID": "SPELL_165",
        "class": "Magic Skill",
        "classID": 6
    },
    {
        "url": "index.php/-.html",
        "name": "Banish Property (--Temporalbann--)",
        "spelltype": "spell",
        "ab1": "ATTR_1",
        "ab2": "ATTR_3",
        "ab3": "ATTR_4",
        "class": "Magic Skill",
        "classID": 6
    },
    {
        "url": "index.php/-.html",
        "name": "Tempus Stasis",
        "spelltype": "spell",
        "ab1": "ATTR_1",
        "ab2": "ATTR_2",
        "ab3": "ATTR_8",
        "class": "Magic Skill",
        "classID": 6
    },
    {
        "url": "index.php/-.html",
        "name": "(Tiere besprechen)",
        "spelltype": "spell",
        "ab1": "ATTR_1",
        "ab2": "ATTR_3",
        "ab3": "ATTR_4",
        "attrID": "SPELL_292",
        "class": "Magic Skill",
        "classID": 6
    },
    {
        "url": "index.php/-.html",
        "name": "Animal Thoughts",
        "spelltype": "spell",
        "ab1": "ATTR_1",
        "ab2": "ATTR_3",
        "ab3": "ATTR_4",
        "modagainst": "SK",
        "attrID": "SPELL_166",
        "class": "Magic Skill",
        "classID": 6
    },
    {
        "url": "index.php/3878.html",
        "name": "Transversalis",
        "spelltype": "spell",
        "ab1": "ATTR_1",
        "ab2": "ATTR_4",
        "ab3": "ATTR_7",
        "attrID": "SPELL_43",
        "class": "Magic Skill",
        "classID": 6
    },
    {
        "url": "index.php/-.html",
        "name": "(Unentflammbarkeit)",
        "spelltype": "spell",
        "ab1": "ATTR_1",
        "ab2": "ATTR_3",
        "ab3": "ATTR_7",
        "attrID": "SPELL_293",
        "class": "Magic Skill",
        "classID": 6
    },
    {
        "url": "index.php/-.html",
        "name": "(Ungeschickt)",
        "spelltype": "spell",
        "ab1": "ATTR_1",
        "ab2": "ATTR_3",
        "ab3": "ATTR_4",
        "modagainst": "SK",
        "attrID": "SPELL_294",
        "class": "Magic Skill",
        "classID": 6
    },
    {
        "url": "index.php/-.html",
        "name": "(Verunsicherung)",
        "spelltype": "spell",
        "ab1": "ATTR_1",
        "ab2": "ATTR_3",
        "ab3": "ATTR_4",
        "modagainst": "SK",
        "attrID": "SPELL_295",
        "class": "Magic Skill",
        "classID": 6
    },
    {
        "url": "index.php/-.html",
        "name": "Banish Property (Transformation)",
        "spelltype": "spell",
        "ab1": "ATTR_2",
        "ab2": "ATTR_4",
        "ab3": "ATTR_5",
        "class": "Magic Skill",
        "attrID": "SPELL_167",
        "classID": 6
    },
    {
        "url": "index.php/-.html",
        "name": "(Vipernblick)",
        "spelltype": "spell",
        "ab1": "ATTR_1",
        "ab2": "ATTR_1",
        "ab3": "ATTR_4",
        "modagainst": "SK",
        "attrID": "SPELL_86",
        "class": "Magic Skill",
        "classID": 6
    },
    {
        "url": "index.php/3881.html",
        "name": "Visibili",
        "spelltype": "spell",
        "ab1": "ATTR_2",
        "ab2": "ATTR_3",
        "ab3": "ATTR_7",
        "attrID": "SPELL_44",
        "class": "Magic Skill",
        "classID": 6
    },
    {
        "url": "index.php/-.html",
        "name": "Bend Sound",
        "spelltype": "spell",
        "ab1": "ATTR_1",
        "ab2": "ATTR_3",
        "ab3": "ATTR_6",
        "attrID": "SPELL_168",
        "class": "Magic Skill",
        "classID": 6
    },
    {
        "url": "index.php/breathe-water.html",
        "name": "Breathe Water",
        "spelltype": "spell",
        "ab1": "ATTR_2",
        "ab2": "ATTR_3",
        "ab3": "ATTR_7",
        "attrID": "SPELL_45",
        "class": "Magic Skill",
        "classID": 6
    },
    {
        "url": "index.php/-.html",
        "name": "(Wasserpfeil)",
        "spelltype": "spell",
        "ab1": "ATTR_3",
        "ab2": "ATTR_4",
        "ab3": "ATTR_5",
        "attrID": "SPELL_296",
        "class": "Magic Skill",
        "classID": 6
    },
    {
        "url": "index.php/-.html",
        "name": "(Welle der Reinigung)",
        "spelltype": "spell",
        "ab1": "ATTR_1",
        "ab2": "ATTR_2",
        "ab3": "ATTR_8",
        "attrID": "SPELL_298",
        "class": "Magic Skill",
        "classID": 6
    },
    {
        "url": "index.php/-.html",
        "name": "(Welle des Schmerzes)",
        "spelltype": "spell",
        "ab1": "ATTR_1",
        "ab2": "ATTR_2",
        "ab3": "ATTR_8",
        "attrID": "SPELL_299",
        "class": "Magic Skill",
        "classID": 6
    },
    {
        "url": "index.php/-.html",
        "name": "(Wellenlauf)",
        "spelltype": "spell",
        "ab1": "ATTR_1",
        "ab2": "ATTR_2",
        "ab3": "ATTR_6",
        "attrID": "SPELL_300",
        "class": "Magic Skill",
        "classID": 6
    },
    {
        "url": "index.php/-.html",
        "name": "Wall of Waves",
        "spelltype": "spell",
        "ab1": "ATTR_1",
        "ab2": "ATTR_2",
        "ab3": "ATTR_4",
        "class": "Magic Skill",
        "classID": 6
    },
    {
        "url": "index.php/-.html",
        "name": "(Wipfellauf)",
        "spelltype": "spell",
        "ab1": "ATTR_1",
        "ab2": "ATTR_2",
        "ab3": "ATTR_6",
        "attrID": "SPELL_301",
        "class": "Magic Skill",
        "classID": 6
    },
    {
        "url": "index.php/-.html",
        "name": "(Woge der Versteinerung)",
        "spelltype": "spell",
        "ab1": "ATTR_1",
        "ab2": "ATTR_2",
        "ab3": "ATTR_7",
        "class": "Magic Skill",
        "classID": 6
    },
    {
        "url": "index.php/-.html",
        "name": "Wolf Paw",
        "spelltype": "spell",
        "ab1": "ATTR_1",
        "ab2": "ATTR_3",
        "ab3": "ATTR_6",
        "attrID": "SPELL_169",
        "class": "Magic Skill",
        "classID": 6
    },
    {
        "url": "index.php/-.html",
        "name": "(Wüstenlauf)",
        "spelltype": "spell",
        "ab1": "ATTR_1",
        "ab2": "ATTR_2",
        "ab3": "ATTR_6",
        "attrID": "SPELL_302",
        "class": "Magic Skill",
        "classID": 6
    },
    {
        "url": "index.php/-.html",
        "name": "(Zauberpferd herbeirufen)",
        "spelltype": "spell",
        "ab1": "ATTR_2",
        "ab2": "ATTR_3",
        "ab3": "ATTR_4",
        "attrID": "SPELL_303",
        "class": "Magic Skill",
        "classID": 6
    },
    {
        "url": "index.php/-.html",
        "name": "(Zitterfinger)",
        "spelltype": "spell",
        "ab1": "ATTR_1",
        "ab2": "ATTR_3",
        "ab3": "ATTR_4",
        "modagainst": "SK",
        "attrID": "SPELL_483",
        "class": "Magic Skill",
        "classID": 6
    },
    {
        "url": "index.php/-.html",
        "name": "(Zorn der Elemente)",
        "spelltype": "spell",
        "ab1": "ATTR_1",
        "ab2": "ATTR_2",
        "ab3": "ATTR_4",
        "class": "Magic Skill",
        "classID": 6
    },
    {
        "url": "index.php/-.html",
        "name": "(Zunge betäuben)",
        "spelltype": "spell",
        "ab1": "ATTR_2",
        "ab2": "ATTR_3",
        "ab3": "ATTR_4",
        "modagainst": "ZK",
        "attrID": "SPELL_87",
        "class": "Magic Skill",
        "classID": 6
    },
    {
        "url": "index.php/-.html",
        "name": "(Zweifel schüren)",
        "spelltype": "spell",
        "ab1": "ATTR_2",
        "ab2": "ATTR_3",
        "ab3": "ATTR_4",
        "modagainst": "SK",
        "class": "Magic Skill",
        "classID": 6
    },
    {
        "url": "index.php/-.html",
        "name": "(Zwingtanz)",
        "spelltype": "spell",
        "ab1": "ATTR_1",
        "ab2": "ATTR_2",
        "ab3": "ATTR_4",
        "attrID": "SPELL_88",
        "modagainst": "SK",
        "class": "Magic Skill",
        "classID": 6
    },
    {
        "url": "index.php/-.html",
        "name": "Ease Fears",
        "spelltype": "spell",
        "ab1": "ATTR_1",
        "ab2": "ATTR_3",
        "ab3": "ATTR_4",
        "attrID": "SPELL_68",
        "class": "Magic Skill",
        "classID": 6
    },
    {
        "url": "index.php/-.html",
        "name": "Magical Deprivation",
        "spelltype": "ritual",
        "ab1": "ATTR_1",
        "ab2": "ATTR_2",
        "ab3": "ATTR_7",
        "attrID": "SPELL_176",
        "modagainst": "SK",
        "category": "Einfluss",
        "class": "Magic Skill",
        "classID": 6
    },
    {
        "url": "index.php/-.html",
        "name": "Destructibo",
        "spelltype": "ritual",
        "ab1": "ATTR_2",
        "ab2": "ATTR_2",
        "ab3": "ATTR_5",
        "attrID": "SPELL_311",
        "category": "Objekt",
        "class": "Magic Skill",
        "classID": 6
    },
    {
        "url": "index.php/-.html",
        "name": "Custodosigil",
        "spelltype": "ritual",
        "ab1": "ATTR_1",
        "ab2": "ATTR_2",
        "ab3": "ATTR_5",
        "attrID": "SPELL_310",
        "category": "Objekt",
        "class": "Magic Skill",
        "classID": 6
    },
    {
        "url": "index.php/-.html",
        "name": "(Brandform)",
        "spelltype": "ritual",
        "ab1": "ATTR_2",
        "ab2": "ATTR_5",
        "ab3": "ATTR_8",
        "attrID": "SPELL_309",
        "category": "Elementar",
        "class": "Magic Skill",
        "classID": 6
    },
    {
        "url": "index.php/-.html",
        "name": "Caldofrigo",
        "spelltype": "ritual",
        "ab1": "ATTR_3",
        "ab2": "ATTR_4",
        "ab3": "ATTR_7",
        "attrID": "SPELL_170",
        "category": "Elementar",
        "class": "Magic Skill",
        "classID": 6
    },
    {
        "url": "index.php/-.html",
        "name": "(Blick in die Vergangenheit)",
        "spelltype": "ritual",
        "ab1": "ATTR_1",
        "ab2": "ATTR_2",
        "ab3": "ATTR_3",
        "attrID": "SPELL_308",
        "category": "Hellsicht",
        "class": "Magic Skill",
        "classID": 6
    },
    {
        "url": "index.php/3712.html",
        "name": "Arcanovi",
        "spelltype": "ritual",
        "ab1": "ATTR_2",
        "ab2": "ATTR_3",
        "ab3": "ATTR_5",
        "attrID": "SPELL_46",
        "category": "Objekt",
        "class": "Magic Skill",
        "classID": 6
    },
    {
        "url": "index.php/-.html",
        "name": "Animatio",
        "spelltype": "ritual",
        "ab1": "ATTR_2",
        "ab2": "ATTR_3",
        "ab3": "ATTR_6",
        "attrID": "SPELL_305",
        "category": "Telekinese",
        "class": "Magic Skill",
        "classID": 6
    },
    {
        "url": "index.php/-.html",
        "name": "Adamantium",
        "spelltype": "ritual",
        "ab1": "ATTR_2",
        "ab2": "ATTR_3",
        "ab3": "ATTR_7",
        "attrID": "SPELL_304",
        "category": "Elementar",
        "class": "Magic Skill",
        "classID": 6
    },
    {
        "url": "index.php/-.html",
        "name": "Accuratum",
        "spelltype": "ritual",
        "ab1": "ATTR_2",
        "ab2": "ATTR_4",
        "ab3": "ATTR_5",
        "attrID": "SPELL_172",
        "category": "Objekt",
        "class": "Magic Skill",
        "classID": 6
    },
    {
        "url": "index.php/-.html",
        "name": "(Bärenruhe)",
        "spelltype": "ritual",
        "ab1": "ATTR_1",
        "ab2": "ATTR_3",
        "ab3": "ATTR_7",
        "attrID": "SPELL_307",
        "category": "Verwandlung",
        "class": "Magic Skill",
        "classID": 6
    },
    {
        "url": "index.php/-.html",
        "name": "(Band der Freundschaft)",
        "spelltype": "ritual",
        "ab1": "ATTR_3",
        "ab2": "ATTR_4",
        "ab3": "ATTR_4",
        "attrID": "SPELL_306",
        "modagainst": "SK",
        "category": "Einfluss",
        "class": "Magic Skill",
        "classID": 6
    },
    {
        "url": "index.php/-.html",
        "name": "(Wogenform)",
        "spelltype": "ritual",
        "ab1": "ATTR_2",
        "ab2": "ATTR_5",
        "ab3": "ATTR_8",
        "attrID": "SPELL_334",
        "category": "Elementar",
        "class": "Magic Skill",
        "classID": 6
    },
    {
        "url": "index.php/-.html",
        "name": "Aversion",
        "spelltype": "ritual",
        "ab1": "ATTR_3",
        "ab2": "ATTR_4",
        "ab3": "ATTR_6",
        "attrID": "SPELL_181",
        "category": "Einfluss",
        "class": "Magic Skill",
        "classID": 6
    },
    {
        "url": "index.php/-.html",
        "name": "(Aufmerksamer Wächter)",
        "spelltype": "ritual",
        "ab1": "ATTR_3",
        "ab2": "ATTR_4",
        "ab3": "ATTR_5",
        "attrID": "N/A",
        "category": "Objekt",
        "class": "Magic Skill",
        "classID": 6
    },
    {
        "url": "index.php/-.html",
        "name": "Applicatus",
        "spelltype": "ritual",
        "ab1": "ATTR_2",
        "ab2": "ATTR_3",
        "ab3": "ATTR_5",
        "attrID": "",
        "category": "Objekt",
        "class": "Magic Skill",
        "classID": 6
    },
    {
        "url": "index.php/",
        "name": "Erhabenheit des Marmors",
        "spelltype": "ritual",
        "ab1": "ATTR_1",
        "ab2": "ATTR_3",
        "ab3": "ATTR_7",
        "attrID": "SPELL_314",
        "category": "Elementar",
        "class": "Magic Skill",
        "classID": 6
    },
    {
        "url": "index.php/-.html",
        "name": "(Blick durch fremde Augen)",
        "spelltype": "ritual",
        "ab1": "ATTR_1",
        "ab2": "ATTR_3",
        "ab3": "ATTR_4",
        "modagainst": "SK",
        "category": "Hellsicht",
        "class": "Magic Skill",
        "classID": 6
    },
    {
        "url": "index.php/-.html",
        "name": "Chimaeroform",
        "spelltype": "ritual",
        "ab1": "ATTR_2",
        "ab2": "ATTR_3",
        "ab3": "ATTR_7",
        "category": "Dämonisch",
        "class": "Magic Skill",
        "classID": 6
    },
    {
        "url": "index.php/-.html",
        "name": "Chronoklassis",
        "spelltype": "ritual",
        "ab1": "ATTR_2",
        "ab2": "ATTR_3",
        "ab3": "ATTR_7",
        "category": "Temporal",
        "class": "Magic Skill",
        "classID": 6
    },
    {
        "url": "index.php/-.html",
        "name": "Chrononautos",
        "spelltype": "ritual",
        "ab1": "ATTR_1",
        "ab2": "ATTR_4",
        "ab3": "ATTR_7",
        "category": "Temporal",
        "class": "Magic Skill",
        "classID": 6
    },
    {
        "url": "index.php/call-djinn.html",
        "name": "Call Djinn",
        "spelltype": "ritual",
        "ab1": "ATTR_1",
        "ab2": "ATTR_4",
        "ab3": "ATTR_7",
        "category": "Sphären",
        "class": "Magic Skill",
        "classID": 6
    },
    {
        "url": "index.php/-.html",
        "name": "(Dämonenpakt beenden)",
        "spelltype": "ritual",
        "ab1": "ATTR_1",
        "ab2": "ATTR_3",
        "ab3": "ATTR_4",
        "modagainst": "SK",
        "category": "Antimagie",
        "class": "Magic Skill",
        "classID": 6
    },
    {
        "url": "index.php/-.html",
        "name": "(Eins mit der Natur)",
        "spelltype": "ritual",
        "ab1": "ATTR_1",
        "ab2": "ATTR_3",
        "ab3": "ATTR_7",
        "attrID": "SPELL_312",
        "category": "Heilung",
        "class": "Magic Skill",
        "classID": 6
    },
    {
        "url": "index.php/elemental-servant.html",
        "name": "Elemental Servant",
        "spelltype": "ritual",
        "ab1": "ATTR_1",
        "ab2": "ATTR_4",
        "ab3": "ATTR_7",
        "category": "Sphären",
        "class": "Magic Skill",
        "classID": 6
    },
    {
        "url": "index.php/-.html",
        "name": "(Ergebenheit der Wogen)",
        "spelltype": "ritual",
        "ab1": "ATTR_1",
        "ab2": "ATTR_3",
        "ab3": "ATTR_7",
        "attrID": "SPELL_313",
        "category": "Elementar",
        "class": "Magic Skill",
        "classID": 6
    },
    {
        "url": "index.php/-.html",
        "name": "(Felsenform)",
        "spelltype": "ritual",
        "ab1": "ATTR_2",
        "ab2": "ATTR_5",
        "ab3": "ATTR_8",
        "attrID": "SPELL_315",
        "category": "Elementar",
        "class": "Magic Skill",
        "classID": 6
    },
    {
        "url": "index.php/-.html",
        "name": "(Freiheit der Wolken)",
        "spelltype": "ritual",
        "ab1": "ATTR_1",
        "ab2": "ATTR_3",
        "ab3": "ATTR_7",
        "attrID": "SPELL_316",
        "category": "Elementar",
        "class": "Magic Skill",
        "classID": 6
    },
    {
        "url": "index.php/-.html",
        "name": "(Gefäß der Jahre)",
        "spelltype": "ritual",
        "ab1": "ATTR_1",
        "ab2": "ATTR_2",
        "ab3": "ATTR_7",
        "category": "Temporal",
        "class": "Magic Skill",
        "classID": 6
    },
    {
        "url": "index.php/-.html",
        "name": "(Geisterbeschwörung)",
        "spelltype": "ritual",
        "ab1": "ATTR_1",
        "ab2": "ATTR_4",
        "ab3": "ATTR_7",
        "category": "Sphären",
        "class": "Magic Skill",
        "classID": 6
    },
    {
        "url": "index.php/-.html",
        "name": "(Geisterruf)",
        "spelltype": "ritual",
        "ab1": "ATTR_1",
        "ab2": "ATTR_4",
        "ab3": "ATTR_7",
        "category": "Sphären",
        "class": "Magic Skill",
        "classID": 6
    },
    {
        "url": "index.php/-.html",
        "name": "(Gletscherform)",
        "spelltype": "ritual",
        "ab1": "ATTR_2",
        "ab2": "ATTR_5",
        "ab3": "ATTR_8",
        "attrID": "SPELL_319",
        "category": "Elementar",
        "class": "Magic Skill",
        "classID": 6
    },
    {
        "url": "index.php/.html",
        "name": "Hailstorm and Roar of Thunder",
        "spelltype": "ritual",
        "ab1": "ATTR_1",
        "ab2": "ATTR_4",
        "ab3": "ATTR_7",
        "attrID": "SPELL_173",
        "category": "Elementar",
        "class": "Magic Skill",
        "classID": 6
    },
    {
        "url": "index.php/.html",
        "name": "Mold Hard Object",
        "spelltype": "ritual",
        "ab1": "ATTR_1",
        "ab2": "ATTR_3",
        "ab3": "ATTR_7",
        "attrID": "SPELL_174",
        "category": "Elementar",
        "class": "Magic Skill",
        "classID": 6
    },
    {
        "url": "index.php/-.html",
        "name": "(Immortalis Lebenszeit)",
        "spelltype": "ritual",
        "ab1": "ATTR_1",
        "ab2": "ATTR_4",
        "ab3": "ATTR_7",
        "category": "Temporal",
        "class": "Magic Skill",
        "classID": 6
    },
    {
        "url": "index.php/-.html",
        "name": "Infinitum Immerdar",
        "spelltype": "ritual",
        "ab1": "ATTR_2",
        "ab2": "ATTR_4",
        "ab3": "ATTR_7",
        "category": "Temporal",
        "class": "Magic Skill",
        "classID": 6
    },
    {
        "url": "index.php/3719.html",
        "name": "Invocatio Maior",
        "spelltype": "ritual",
        "ab1": "ATTR_1",
        "ab2": "ATTR_4",
        "ab3": "ATTR_7",
        "category": "Sphären",
        "class": "Magic Skill",
        "classID": 6
    },
    {
        "url": "index.php/-.html",
        "name": "Invocatio Maxima",
        "spelltype": "ritual",
        "ab1": "ATTR_1",
        "ab2": "ATTR_4",
        "ab3": "ATTR_7",
        "category": "Sphären",
        "class": "Magic Skill",
        "classID": 6
    },
    {
        "url": "index.php/3720.html",
        "name": "Invocatio Minor",
        "spelltype": "ritual",
        "ab1": "ATTR_1",
        "ab2": "ATTR_4",
        "ab3": "ATTR_7",
        "category": "Sphären",
        "class": "Magic Skill",
        "classID": 6
    },
    {
        "url": "index.php/-.html",
        "name": "(Klarheit des Eises)",
        "spelltype": "ritual",
        "ab1": "ATTR_1",
        "ab2": "ATTR_3",
        "ab3": "ATTR_7",
        "attrID": "SPELL_320",
        "category": "Elementar",
        "class": "Magic Skill",
        "classID": 6
    },
    {
        "url": "index.php/-.html",
        "name": "(Körperlose Reise)",
        "spelltype": "ritual",
        "ab1": "ATTR_1",
        "ab2": "ATTR_2",
        "ab3": "ATTR_3",
        "attrID": "SPELL_321",
        "category": "Sphären",
        "class": "Magic Skill",
        "classID": 6
    },
    {
        "url": "index.php/-.html",
        "name": "(Lawinenfall und Trümmerfeld)",
        "spelltype": "ritual",
        "ab1": "ATTR_1",
        "ab2": "ATTR_4",
        "ab3": "ATTR_7",
        "category": "Elementar",
        "class": "Magic Skill",
        "classID": 6
    },
    {
        "url": "index.php/-.html",
        "name": "Bond of Suffering",
        "spelltype": "ritual",
        "ab1": "ATTR_1",
        "ab2": "ATTR_3",
        "ab3": "ATTR_7",
        "attrID": "SPELL_175",
        "category": "Heilung",
        "class": "Magic Skill",
        "classID": 6
    },
    {
        "url": "index.php/-.html",
        "name": "(Madas Spiegel)",
        "spelltype": "ritual",
        "ab1": "ATTR_1",
        "ab2": "ATTR_2",
        "ab3": "ATTR_3",
        "attrID": "SPELL_322",
        "category": "Hellsicht",
        "class": "Magic Skill",
        "classID": 6
    },
    {
        "url": "index.php/-.html",
        "name": "(Meister der Elemente)",
        "spelltype": "ritual",
        "ab1": "ATTR_1",
        "ab2": "ATTR_4",
        "ab3": "ATTR_7",
        "category": "Sphären",
        "class": "Magic Skill",
        "classID": 6
    },
    {
        "url": "index.php/-.html",
        "name": "Memorabia Falsifir",
        "spelltype": "ritual",
        "ab1": "ATTR_2",
        "ab2": "ATTR_3",
        "ab3": "ATTR_4",
        "modagainst": "SK",
        "attrID": "SPELL_177",
        "category": "Einfluss",
        "class": "Magic Skill",
        "classID": 6
    },
    {
        "url": "index.php/-.html",
        "name": "Movimento",
        "spelltype": "ritual",
        "ab1": "ATTR_1",
        "ab2": "ATTR_3",
        "ab3": "ATTR_7",
        "attrID": "SPELL_178",
        "category": "Heilung",
        "class": "Magic Skill",
        "classID": 6
    },
    {
        "url": "index.php/-.html",
        "name": "Nekropathia",
        "spelltype": "ritual",
        "ab1": "ATTR_1",
        "ab2": "ATTR_2",
        "ab3": "ATTR_4",
        "attrID": "SPELL_323",
        "category": "Sphären",
        "class": "Magic Skill",
        "classID": 6
    },
    {
        "url": "index.php/-.html",
        "name": "Nihilogravo",
        "spelltype": "ritual",
        "ab1": "ATTR_2",
        "ab2": "ATTR_3",
        "ab3": "ATTR_7",
        "attrID": "SPELL_171",
        "category": "Telekinese",
        "class": "Magic Skill",
        "classID": 6
    },
    {
        "url": "index.php/-.html",
        "name": "(Orvai Kurims Kriegstrommel)",
        "spelltype": "ritual",
        "ab1": "ATTR_3",
        "ab2": "ATTR_5",
        "ab3": "ATTR_7",
        "category": "Objekt",
        "class": "Magic Skill",
        "classID": 6
    },
    {
        "url": "index.php/-.html",
        "name": "(Pflanzenform)",
        "spelltype": "ritual",
        "ab1": "ATTR_2",
        "ab2": "ATTR_5",
        "ab3": "ATTR_8",
        "attrID": "SPELL_324",
        "category": "Elementar",
        "class": "Magic Skill",
        "classID": 6
    },
    {
        "url": "index.php/-.html",
        "name": "Planastrale",
        "spelltype": "ritual",
        "ab1": "ATTR_1",
        "ab2": "ATTR_3",
        "ab3": "ATTR_7",
        "category": "Sphären",
        "class": "Magic Skill",
        "classID": 6
    },
    {
        "url": "index.php/-.html",
        "name": "(Reinheit der Lohe)",
        "spelltype": "ritual",
        "ab1": "ATTR_1",
        "ab2": "ATTR_3",
        "ab3": "ATTR_7",
        "attrID": "SPELL_325",
        "category": "Elementar",
        "class": "Magic Skill",
        "classID": 6
    },
    {
        "url": "index.php/-.html",
        "name": "(Ruf der Feenwesen)",
        "spelltype": "ritual",
        "ab1": "ATTR_1",
        "ab2": "ATTR_4",
        "ab3": "ATTR_7",
        "category": "Sphären",
        "class": "Magic Skill",
        "classID": 6
    },
    {
        "url": "index.php/-.html",
        "name": "(Ruf des Bienenstocks)",
        "spelltype": "ritual",
        "ab1": "ATTR_2",
        "ab2": "ATTR_3",
        "ab3": "ATTR_5",
        "category": "Objekt",
        "class": "Magic Skill",
        "classID": 6
    },
    {
        "url": "index.php/-.html",
        "name": "Rest Body",
        "spelltype": "ritual",
        "ab1": "ATTR_2",
        "ab2": "ATTR_4",
        "ab3": "ATTR_7",
        "attrID": "SPELL_179",
        "category": "Heilung",
        "class": "Magic Skill",
        "classID": 6
    },
    {
        "url": "index.php/-.html",
        "name": "(Seelenwanderung)",
        "spelltype": "ritual",
        "ab1": "ATTR_1",
        "ab2": "ATTR_4",
        "ab3": "ATTR_7",
        "modagainst": "ZK",
        "attrID": "SPELL_327",
        "category": "Dämonisch",
        "class": "Magic Skill",
        "classID": 6
    },
    {
        "url": "index.php/-.html",
        "name": "(Standhafter Wächter)",
        "spelltype": "ritual",
        "ab1": "ATTR_1",
        "ab2": "ATTR_3",
        "ab3": "ATTR_6",
        "attrID": "SPELL_328",
        "category": "Heilung",
        "class": "Magic Skill",
        "classID": 6
    },
    {
        "url": "index.php/-.html",
        "name": "(Stein wandle)",
        "spelltype": "ritual",
        "ab1": "ATTR_1",
        "ab2": "ATTR_2",
        "ab3": "ATTR_4",
        "category": "Dämonisch",
        "class": "Magic Skill",
        "classID": 6
    },
    {
        "url": "index.php/-.html",
        "name": "(Totes handle)",
        "spelltype": "ritual",
        "ab1": "ATTR_1",
        "ab2": "ATTR_2",
        "ab3": "ATTR_4",
        "category": "Dämonisch",
        "class": "Magic Skill",
        "classID": 6
    },
    {
        "url": "index.php/-.html",
        "name": "Transmutare",
        "spelltype": "ritual",
        "ab1": "ATTR_3",
        "ab2": "ATTR_4",
        "ab3": "ATTR_7",
        "attrID": "SPELL_329",
        "category": "Verwandlung",
        "class": "Magic Skill",
        "classID": 6
    },
    {
        "url": "index.php/-.html",
        "name": "(Traumgestalt)",
        "spelltype": "ritual",
        "ab1": "ATTR_1",
        "ab2": "ATTR_3",
        "ab3": "ATTR_4",
        "modagainst": "SK",
        "attrID": "SPELL_330",
        "category": "Einfluss",
        "class": "Magic Skill",
        "classID": 6
    },
    {
        "url": "index.php/-.html",
        "name": "Untouched by Satinav",
        "spelltype": "ritual",
        "ab1": "ATTR_2",
        "ab2": "ATTR_3",
        "ab3": "ATTR_5",
        "attrID": "SPELL_180",
        "category": "Zeit",
        "class": "Magic Skill",
        "classID": 6
    },
    {
        "url": "index.php/-.html",
        "name": "(Weiches erstarre)",
        "spelltype": "ritual",
        "ab1": "ATTR_1",
        "ab2": "ATTR_2",
        "ab3": "ATTR_8",
        "attrID": "SPELL_297",
        "category": "Objekt",
        "class": "Magic Skill",
        "classID": 6
    },
    {
        "url": "index.php/-.html",
        "name": "(Weisheit der Bäume)",
        "spelltype": "ritual",
        "ab1": "ATTR_1",
        "ab2": "ATTR_3",
        "ab3": "ATTR_7",
        "attrID": "SPELL_332",
        "category": "Elementar",
        "class": "Magic Skill",
        "classID": 6
    },
    {
        "url": "index.php/-.html",
        "name": "Windshaping",
        "spelltype": "ritual",
        "ab1": "ATTR_2",
        "ab2": "ATTR_5",
        "ab3": "ATTR_8",
        "attrID": "SPELL_182",
        "category": "Elementar",
        "class": "Magic Skill",
        "classID": 6
    },
    {
        "url": "index.php/-.html",
        "name": "Xenographus",
        "spelltype": "ritual",
        "ab1": "ATTR_1",
        "ab2": "ATTR_2",
        "ab3": "ATTR_3",
        "attrID": "SPELL_183",
        "category": "Hellsicht",
        "class": "Magic Skill",
        "classID": 6
    },
    {
        "url": "index.php/spellblade-spiritspear.html",
        "name": "Spellblade Spiritspear",
        "spelltype": "ritual",
        "ab1": "ATTR_2",
        "ab2": "ATTR_3",
        "ab3": "ATTR_5",
        "attrID": "SPELL_51",
        "category": "Objekt",
        "class": "Magic Skill",
        "classID": 6
    },
    {
        "url": "index.php/-.html",
        "name": "(Zaubernahrung)",
        "spelltype": "ritual",
        "ab1": "ATTR_1",
        "ab2": "ATTR_3",
        "ab3": "ATTR_7",
        "attrID": "SPELL_335",
        "category": "Heilung",
        "class": "Magic Skill",
        "classID": 6
    },
    {
        "url": "index.php/-.html",
        "name": "(Zauberschnurren)",
        "spelltype": "ritual",
        "ab1": "ATTR_1",
        "ab2": "ATTR_3",
        "ab3": "ATTR_4",
        "attrID": "SPELL_336",
        "category": "Heilung",
        "class": "Magic Skill",
        "classID": 6
    },
    {
        "url": "index.php/-.html",
        "name": "(Zauberwesen der Natur)",
        "spelltype": "ritual",
        "ab1": "ATTR_1",
        "ab2": "ATTR_4",
        "ab3": "ATTR_7",
        "category": "Sphären",
        "class": "Magic Skill",
        "classID": 6
    },
    {
        "url": "index.php/-.html",
        "name": "(Zauberzwang)",
        "spelltype": "ritual",
        "ab1": "ATTR_1",
        "ab2": "ATTR_2",
        "ab3": "ATTR_4",
        "modagainst": "SK",
        "attrID": "SPELL_338",
        "category": "Einfluss",
        "class": "Magic Skill",
        "classID": 6
    },
    {
        "url": "index.php/-.html",
        "name": "(Überlegener Krieger)",
        "spelltype": "ritual",
        "ab1": "ATTR_1",
        "ab2": "ATTR_3",
        "ab3": "ATTR_6",
        "attrID": "SPELL_331",
        "category": "Heilung",
        "class": "Magic Skill",
        "classID": 6
    }
]